territory,type,district,year,code,sex,unit,value,preliminary,change_abs,growth_pct,index_2015
Алтайский край,region,СФО,2015,opzh,всего,лет,70.13000000,False,,,
Алтайский край,region,СФО,2019,opzh,всего,лет,70.92000000,False,,,
Алтайский край,region,СФО,2021,opzh,всего,лет,67.79000000,False,,,
Амурская область,region,ДФО,2015,opzh,всего,лет,67.15000000,False,,,
Амурская область,region,ДФО,2019,opzh,всего,лет,68.42000000,False,,,
Амурская область,region,ДФО,2021,opzh,всего,лет,66.10000000,False,,,
Архангельская область (без Ненецкого АО),region,СЗФО,2015,opzh,всего,лет,70.33000000,False,,,
Архангельская область (без Ненецкого АО),region,СЗФО,2019,opzh,всего,лет,71.52000000,False,,,
Архангельская область (без Ненецкого АО),region,СЗФО,2021,opzh,всего,лет,68.67000000,False,,,
Астраханская область,region,ЮФО,2015,opzh,всего,лет,70.98000000,False,,,
Астраханская область,region,ЮФО,2019,opzh,всего,лет,72.95000000,False,,,
Астраханская область,region,ЮФО,2021,opzh,всего,лет,69.14000000,False,,,
Белгородская область,region,ЦФО,2015,opzh,всего,лет,72.63000000,False,,,
Белгородская область,region,ЦФО,2019,opzh,всего,лет,74.26000000,False,,,
Белгородская область,region,ЦФО,2021,opzh,всего,лет,70.72000000,False,,,
Брянская область,region,ЦФО,2015,opzh,всего,лет,70.30000000,False,,,
Брянская область,region,ЦФО,2019,opzh,всего,лет,72.14000000,False,,,
Брянская область,region,ЦФО,2021,opzh,всего,лет,68.54000000,False,,,
Владимирская область,region,ЦФО,2015,opzh,всего,лет,69.88000000,False,,,
Владимирская область,region,ЦФО,2019,opzh,всего,лет,72.00000000,False,,,
Владимирская область,region,ЦФО,2021,opzh,всего,лет,68.31000000,False,,,
Волгоградская область,region,ЮФО,2015,opzh,всего,лет,72.00000000,False,,,
Волгоградская область,region,ЮФО,2019,opzh,всего,лет,74.11000000,False,,,
Волгоградская область,region,ЮФО,2021,opzh,всего,лет,70.11000000,False,,,
Вологодская область,region,СЗФО,2015,opzh,всего,лет,70.39000000,False,,,
Вологодская область,region,СЗФО,2019,opzh,всего,лет,71.78000000,False,,,
Вологодская область,region,СЗФО,2021,opzh,всего,лет,69.06000000,False,,,
Воронежская область,region,ЦФО,2015,opzh,всего,лет,71.67000000,False,,,
Воронежская область,region,ЦФО,2019,opzh,всего,лет,73.61000000,False,,,
Воронежская область,region,ЦФО,2021,opzh,всего,лет,69.58000000,False,,,
Дальневосточный федеральный округ,district,ДФО,2015,opzh,всего,лет,68.48000000,False,,,
Дальневосточный федеральный округ,district,ДФО,2019,opzh,всего,лет,70.08000000,False,,,
Дальневосточный федеральный округ,district,ДФО,2021,opzh,всего,лет,67.95000000,False,,,
Еврейская автономная область,region,ДФО,2015,opzh,всего,лет,64.92000000,False,,,
Еврейская автономная область,region,ДФО,2019,opzh,всего,лет,67.91000000,False,,,
Еврейская автономная область,region,ДФО,2021,opzh,всего,лет,65.96000000,False,,,
Забайкальский край,region,ДФО,2015,opzh,всего,лет,67.15000000,False,,,
Забайкальский край,region,ДФО,2019,opzh,всего,лет,68.49000000,False,,,
Забайкальский край,region,ДФО,2021,opzh,всего,лет,66.37000000,False,,,
Ивановская область,region,ЦФО,2015,opzh,всего,лет,70.40000000,False,,,
Ивановская область,region,ЦФО,2019,opzh,всего,лет,71.41000000,False,,,
Ивановская область,region,ЦФО,2021,opzh,всего,лет,68.51000000,False,,,
Иркутская область,region,СФО,2015,opzh,всего,лет,67.46000000,False,,,
Иркутская область,region,СФО,2019,opzh,всего,лет,69.73000000,False,,,
Иркутская область,region,СФО,2021,opzh,всего,лет,67.01000000,False,,,
Кабардино-Балкарская Республика,region,СКФО,2015,opzh,всего,лет,74.54000000,False,,,
Кабардино-Балкарская Республика,region,СКФО,2019,opzh,всего,лет,76.20000000,False,,,
Кабардино-Балкарская Республика,region,СКФО,2021,opzh,всего,лет,73.58000000,False,,,
Калининградская область,region,СЗФО,2015,opzh,всего,лет,70.56000000,False,,,
Калининградская область,region,СЗФО,2019,opzh,всего,лет,73.53000000,False,,,
Калининградская область,region,СЗФО,2021,opzh,всего,лет,70.99000000,False,,,
Калужская область,region,ЦФО,2015,opzh,всего,лет,70.95000000,False,,,
Калужская область,region,ЦФО,2019,opzh,всего,лет,72.79000000,False,,,
Калужская область,region,ЦФО,2021,opzh,всего,лет,69.78000000,False,,,
Камчатский край,region,ДФО,2015,opzh,всего,лет,68.23000000,False,,,
Камчатский край,region,ДФО,2019,opzh,всего,лет,69.91000000,False,,,
Камчатский край,region,ДФО,2021,opzh,всего,лет,67.30000000,False,,,
Карачаево-Черкесская Республика,region,СКФО,2015,opzh,всего,лет,74.26000000,False,,,
Карачаево-Черкесская Республика,region,СКФО,2019,opzh,всего,лет,75.70000000,False,,,
Карачаево-Черкесская Республика,region,СКФО,2021,opzh,всего,лет,72.95000000,False,,,
Кемеровская область,region,СФО,2015,opzh,всего,лет,68.27000000,False,,,
Кемеровская область,region,СФО,2019,opzh,всего,лет,69.69000000,False,,,
Кемеровская область,region,СФО,2021,opzh,всего,лет,67.54000000,False,,,
Кировская область,region,ПФО,2015,opzh,всего,лет,70.88000000,False,,,
Кировская область,region,ПФО,2019,opzh,всего,лет,72.48000000,False,,,
Кировская область,region,ПФО,2021,opzh,всего,лет,69.08000000,False,,,
Костромская область,region,ЦФО,2015,opzh,всего,лет,70.13000000,False,,,
Костромская область,region,ЦФО,2019,opzh,всего,лет,71.83000000,False,,,
Костромская область,region,ЦФО,2021,opzh,всего,лет,68.06000000,False,,,
Краснодарский край,region,ЮФО,2015,opzh,всего,лет,72.60000000,False,,,
Краснодарский край,region,ЮФО,2019,opzh,всего,лет,74.05000000,False,,,
Краснодарский край,region,ЮФО,2021,opzh,всего,лет,70.77000000,False,,,
Красноярский край,region,СФО,2015,opzh,всего,лет,69.72000000,False,,,
Красноярский край,region,СФО,2019,opzh,всего,лет,71.23000000,False,,,
Красноярский край,region,СФО,2021,opzh,всего,лет,68.45000000,False,,,
Курганская область,region,УФО,2015,opzh,всего,лет,68.85000000,False,,,
Курганская область,region,УФО,2019,opzh,всего,лет,70.75000000,False,,,
Курганская область,region,УФО,2021,opzh,всего,лет,67.82000000,False,,,
Курская область,region,ЦФО,2015,opzh,всего,лет,70.77000000,False,,,
Курская область,region,ЦФО,2019,opzh,всего,лет,72.18000000,False,,,
Курская область,region,ЦФО,2021,opzh,всего,лет,68.51000000,False,,,
Ленинградская область,region,СЗФО,2015,opzh,всего,лет,71.36000000,False,,,
Ленинградская область,region,СЗФО,2019,opzh,всего,лет,73.90000000,False,,,
Ленинградская область,region,СЗФО,2021,opzh,всего,лет,70.70000000,False,,,
Липецкая область,region,ЦФО,2015,opzh,всего,лет,71.11000000,False,,,
Липецкая область,region,ЦФО,2019,opzh,всего,лет,73.38000000,False,,,
Липецкая область,region,ЦФО,2021,opzh,всего,лет,68.72000000,False,,,
Магаданская область,region,ДФО,2015,opzh,всего,лет,67.93000000,False,,,
Магаданская область,region,ДФО,2019,opzh,всего,лет,69.23000000,False,,,
Магаданская область,region,ДФО,2021,opzh,всего,лет,66.98000000,False,,,
Московская область,region,ЦФО,2015,opzh,всего,лет,72.90000000,False,,,
Московская область,region,ЦФО,2019,opzh,всего,лет,74.67000000,False,,,
Московская область,region,ЦФО,2021,opzh,всего,лет,71.36000000,False,,,
Мурманская область,region,СЗФО,2015,opzh,всего,лет,69.90000000,False,,,
Мурманская область,region,СЗФО,2019,opzh,всего,лет,71.04000000,False,,,
Мурманская область,region,СЗФО,2021,opzh,всего,лет,67.37000000,False,,,
Ненецкий автономный округ,region,СЗФО,2015,opzh,всего,лет,70.29000000,False,,,
Ненецкий автономный округ,region,СЗФО,2019,opzh,всего,лет,72.55000000,False,,,
Ненецкий автономный округ,region,СЗФО,2021,opzh,всего,лет,68.76000000,False,,,
Нижегородская область,region,ПФО,2015,opzh,всего,лет,70.11000000,False,,,
Нижегородская область,region,ПФО,2019,opzh,всего,лет,72.19000000,False,,,
Нижегородская область,region,ПФО,2021,opzh,всего,лет,68.81000000,False,,,
Новгородская область,region,СЗФО,2015,opzh,всего,лет,68.63000000,False,,,
Новгородская область,region,СЗФО,2019,opzh,всего,лет,70.33000000,False,,,
Новгородская область,region,СЗФО,2021,opzh,всего,лет,67.48000000,False,,,
Новосибирская область,region,СФО,2015,opzh,всего,лет,70.91000000,False,,,
Новосибирская область,region,СФО,2019,opzh,всего,лет,72.37000000,False,,,
Новосибирская область,region,СФО,2021,opzh,всего,лет,69.35000000,False,,,
Омская область,region,СФО,2015,opzh,всего,лет,70.39000000,False,,,
Омская область,region,СФО,2019,opzh,всего,лет,72.29000000,False,,,
Омская область,region,СФО,2021,opzh,всего,лет,68.98000000,False,,,
Оренбургская область,region,ПФО,2015,opzh,всего,лет,69.50000000,False,,,
Оренбургская область,region,ПФО,2019,opzh,всего,лет,71.81000000,False,,,
Оренбургская область,region,ПФО,2021,opzh,всего,лет,67.96000000,False,,,
Орловская область,region,ЦФО,2015,opzh,всего,лет,70.34000000,False,,,
Орловская область,region,ЦФО,2019,opzh,всего,лет,72.46000000,False,,,
Орловская область,region,ЦФО,2021,opzh,всего,лет,68.90000000,False,,,
Пензенская область,region,ПФО,2015,opzh,всего,лет,72.00000000,False,,,
Пензенская область,region,ПФО,2019,opzh,всего,лет,73.35000000,False,,,
Пензенская область,region,ПФО,2021,opzh,всего,лет,69.77000000,False,,,
Пермский край,region,ПФО,2015,opzh,всего,лет,69.06000000,False,,,
Пермский край,region,ПФО,2019,opzh,всего,лет,71.25000000,False,,,
Пермский край,region,ПФО,2021,opzh,всего,лет,68.45000000,False,,,
Приволжский федеральный округ,district,ПФО,2015,opzh,всего,лет,70.71000000,False,,,
Приволжский федеральный округ,district,ПФО,2019,opzh,всего,лет,72.94000000,False,,,
Приволжский федеральный округ,district,ПФО,2021,opzh,всего,лет,69.56000000,False,,,
Приморский край,region,ДФО,2015,opzh,всего,лет,69.14000000,False,,,
Приморский край,region,ДФО,2019,opzh,всего,лет,70.42000000,False,,,
Приморский край,region,ДФО,2021,opzh,всего,лет,68.53000000,False,,,
Псковская область,region,СЗФО,2015,opzh,всего,лет,68.35000000,False,,,
Псковская область,region,СЗФО,2019,opzh,всего,лет,70.38000000,False,,,
Псковская область,region,СЗФО,2021,opzh,всего,лет,67.44000000,False,,,
Республика Адыгея,region,ЮФО,2015,opzh,всего,лет,72.40000000,False,,,
Республика Адыгея,region,ЮФО,2019,opzh,всего,лет,74.13000000,False,,,
Республика Адыгея,region,ЮФО,2021,opzh,всего,лет,71.70000000,False,,,
Республика Алтай,region,СФО,2015,opzh,всего,лет,68.19000000,False,,,
Республика Алтай,region,СФО,2019,opzh,всего,лет,69.78000000,False,,,
Республика Алтай,region,СФО,2021,opzh,всего,лет,67.22000000,False,,,
Республика Башкортостан,region,ПФО,2015,opzh,всего,лет,70.19000000,False,,,
Республика Башкортостан,region,ПФО,2019,opzh,всего,лет,72.82000000,False,,,
Республика Башкортостан,region,ПФО,2021,opzh,всего,лет,69.80000000,False,,,
Республика Бурятия,region,ДФО,2015,opzh,всего,лет,69.10000000,False,,,
Республика Бурятия,region,ДФО,2019,opzh,всего,лет,70.71000000,False,,,
Республика Бурятия,region,ДФО,2021,opzh,всего,лет,68.87000000,False,,,
Республика Дагестан,region,СКФО,2015,opzh,всего,лет,76.34000000,False,,,
Республика Дагестан,region,СКФО,2019,opzh,всего,лет,79.03000000,False,,,
Республика Дагестан,region,СКФО,2021,opzh,всего,лет,76.28000000,False,,,
Республика Ингушетия,region,СКФО,2015,opzh,всего,лет,78.47000000,False,,,
Республика Ингушетия,region,СКФО,2019,opzh,всего,лет,79.64000000,False,,,
Республика Ингушетия,region,СКФО,2021,opzh,всего,лет,75.77000000,False,,,
Республика Калмыкия,region,ЮФО,2015,opzh,всего,лет,72.02000000,False,,,
Республика Калмыкия,region,ЮФО,2019,opzh,всего,лет,74.54000000,False,,,
Республика Калмыкия,region,ЮФО,2021,opzh,всего,лет,71.15000000,False,,,
Республика Карелия,region,СЗФО,2015,opzh,всего,лет,68.72000000,False,,,
Республика Карелия,region,СЗФО,2019,opzh,всего,лет,70.44000000,False,,,
Республика Карелия,region,СЗФО,2021,opzh,всего,лет,66.08000000,False,,,
Республика Коми,region,СЗФО,2015,opzh,всего,лет,69.14000000,False,,,
Республика Коми,region,СЗФО,2019,opzh,всего,лет,70.78000000,False,,,
Республика Коми,region,СЗФО,2021,opzh,всего,лет,67.55000000,False,,,
Республика Крым,region,ЮФО,2015,opzh,всего,лет,70.50000000,False,,,
Республика Крым,region,ЮФО,2019,opzh,всего,лет,72.74000000,False,,,
Республика Крым,region,ЮФО,2021,opzh,всего,лет,69.75000000,False,,,
Республика Марий Эл,region,ПФО,2015,opzh,всего,лет,69.84000000,False,,,
Республика Марий Эл,region,ПФО,2019,opzh,всего,лет,72.95000000,False,,,
Республика Марий Эл,region,ПФО,2021,opzh,всего,лет,69.59000000,False,,,
Республика Мордовия,region,ПФО,2015,opzh,всего,лет,72.14000000,False,,,
Республика Мордовия,region,ПФО,2019,opzh,всего,лет,74.14000000,False,,,
Республика Мордовия,region,ПФО,2021,opzh,всего,лет,70.57000000,False,,,
Республика Саха (Якутия),region,ДФО,2015,opzh,всего,лет,70.23000000,False,,,
Республика Саха (Якутия),region,ДФО,2019,opzh,всего,лет,72.82000000,False,,,
Республика Саха (Якутия),region,ДФО,2021,opzh,всего,лет,69.82000000,False,,,
Республика Северная Осетия – Алания,region,СКФО,2015,opzh,всего,лет,74.03000000,False,,,
Республика Северная Осетия – Алания,region,СКФО,2019,opzh,всего,лет,75.39000000,False,,,
Республика Северная Осетия – Алания,region,СКФО,2021,opzh,всего,лет,72.30000000,False,,,
Республика Татарстан,region,ПФО,2015,opzh,всего,лет,72.92000000,False,,,
Республика Татарстан,region,ПФО,2019,opzh,всего,лет,75.24000000,False,,,
Республика Татарстан,region,ПФО,2021,opzh,всего,лет,71.66000000,False,,,
Республика Тыва,region,СФО,2015,opzh,всего,лет,63.14000000,False,,,
Республика Тыва,region,СФО,2019,opzh,всего,лет,67.50000000,False,,,
Республика Тыва,region,СФО,2021,opzh,всего,лет,66.81000000,False,,,
Республика Хакасия,region,СФО,2015,opzh,всего,лет,68.72000000,False,,,
Республика Хакасия,region,СФО,2019,opzh,всего,лет,71.10000000,False,,,
Республика Хакасия,region,СФО,2021,opzh,всего,лет,68.62000000,False,,,
Российская Федерация,country,РФ,2015,births,всего,человек,1940579.00000000,False,,,100.00000000
Российская Федерация,country,РФ,2016,births,всего,человек,1888729.00000000,False,-51850.00000000,-2.67188298,97.32811702
Российская Федерация,country,РФ,2017,births,всего,человек,1690307.00000000,False,-198422.00000000,-10.50558338,87.10323053
Российская Федерация,country,РФ,2018,births,всего,человек,1604344.00000000,False,-85963.00000000,-5.08564421,82.67347013
Российская Федерация,country,РФ,2019,births,всего,человек,1481074.00000000,False,-123270.00000000,-7.68351426,76.32124227
Российская Федерация,country,РФ,2020,births,всего,человек,1436514.00000000,False,-44560.00000000,-3.00862752,74.02502037
Российская Федерация,country,РФ,2021,births,всего,человек,1398253.00000000,False,-38261.00000000,-2.66346169,72.05339231
Российская Федерация,country,РФ,2022,births,всего,человек,1304087.00000000,False,-94166.00000000,-6.73454661,67.20092302
Российская Федерация,country,РФ,2023,births,всего,человек,1264354.00000000,False,-39733.00000000,-3.04680593,65.15344132
Российская Федерация,country,РФ,2024,births,всего,человек,1222408.00000000,True,-41946.00000000,-3.31758352,62.99192148
Российская Федерация,country,РФ,2015,cdr,всего,на 1000 человек населения,13.00000000,False,,,100.00000000
Российская Федерация,country,РФ,2016,cdr,всего,на 1000 человек населения,12.80000000,False,-0.20000000,-1.53846154,98.46153846
Российская Федерация,country,РФ,2017,cdr,всего,на 1000 человек населения,12.40000000,False,-0.40000000,-3.12500000,95.38461538
Российская Федерация,country,РФ,2018,cdr,всего,на 1000 человек населения,12.40000000,False,0.00000000,0.00000000,95.38461538
Российская Федерация,country,РФ,2019,cdr,всего,на 1000 человек населения,12.20000000,False,-0.20000000,-1.61290323,93.84615385
Российская Федерация,country,РФ,2020,cdr,всего,на 1000 человек населения,14.50000000,False,2.30000000,18.85245902,111.53846154
Российская Федерация,country,РФ,2021,cdr,всего,на 1000 человек населения,16.60000000,False,2.10000000,14.48275862,127.69230769
Российская Федерация,country,РФ,2022,cdr,всего,на 1000 человек населения,12.90000000,False,-3.70000000,-22.28915663,99.23076923
Российская Федерация,country,РФ,2023,cdr,всего,на 1000 человек населения,12.10000000,False,-0.80000000,-6.20155039,93.07692308
Российская Федерация,country,РФ,2024,cdr,всего,на 1000 человек населения,12.50000000,True,0.40000000,3.30578512,96.15384615
Российская Федерация,country,РФ,2015,deaths,всего,человек,1908541.00000000,False,,,100.00000000
Российская Федерация,country,РФ,2016,deaths,всего,человек,1891015.00000000,False,-17526.00000000,-0.91829308,99.08170692
Российская Федерация,country,РФ,2017,deaths,всего,человек,1826125.00000000,False,-64890.00000000,-3.43149050,95.68172756
Российская Федерация,country,РФ,2018,deaths,всего,человек,1828910.00000000,False,2785.00000000,0.15250873,95.82765055
Российская Федерация,country,РФ,2019,deaths,всего,человек,1798307.00000000,False,-30603.00000000,-1.67329174,94.22417438
Российская Федерация,country,РФ,2020,deaths,всего,человек,2138586.00000000,False,340279.00000000,18.92218626,112.05344816
Российская Федерация,country,РФ,2021,deaths,всего,человек,2441594.00000000,False,303008.00000000,14.16861422,127.92986894
Российская Федерация,country,РФ,2022,deaths,всего,человек,1898644.00000000,False,-542950.00000000,-22.23752188,99.48143634
Российская Федерация,country,РФ,2023,deaths,всего,человек,1764618.00000000,False,-134026.00000000,-7.05903792,92.45900402
Российская Федерация,country,РФ,2024,deaths,всего,человек,1818635.00000000,True,54017.00000000,3.06111578,95.28928118
Российская Федерация,country,РФ,2015,gender_gap,всего,лет,10.72000000,False,,,
Российская Федерация,country,РФ,2016,gender_gap,всего,лет,10.47000000,False,-0.25000000,,
Российская Федерация,country,РФ,2017,gender_gap,всего,лет,10.02000000,False,-0.45000000,,
Российская Федерация,country,РФ,2018,gender_gap,всего,лет,9.92000000,False,-0.10000000,,
Российская Федерация,country,РФ,2019,gender_gap,всего,лет,9.76000000,False,-0.16000000,,
Российская Федерация,country,РФ,2020,gender_gap,всего,лет,9.73000000,False,-0.03000000,,
Российская Федерация,country,РФ,2021,gender_gap,всего,лет,8.81000000,False,-0.92000000,,
Российская Федерация,country,РФ,2022,gender_gap,всего,лет,10.20000000,False,1.39000000,,
Российская Федерация,country,РФ,2023,gender_gap,всего,лет,10.70000000,False,0.50000000,,
Российская Федерация,country,РФ,2024,gender_gap,всего,лет,,False,,,
Российская Федерация,country,РФ,2015,inf_mort,всего,на 1000 родившихся живыми,6.50000000,False,,,100.00000000
Российская Федерация,country,РФ,2016,inf_mort,всего,на 1000 родившихся живыми,6.00000000,False,-0.50000000,-7.69230769,92.30769231
Российская Федерация,country,РФ,2017,inf_mort,всего,на 1000 родившихся живыми,5.60000000,False,-0.40000000,-6.66666667,86.15384615
Российская Федерация,country,РФ,2018,inf_mort,всего,на 1000 родившихся живыми,5.10000000,False,-0.50000000,-8.92857143,78.46153846
Российская Федерация,country,РФ,2019,inf_mort,всего,на 1000 родившихся живыми,4.90000000,False,-0.20000000,-3.92156863,75.38461538
Российская Федерация,country,РФ,2020,inf_mort,всего,на 1000 родившихся живыми,4.50000000,False,-0.40000000,-8.16326531,69.23076923
Российская Федерация,country,РФ,2021,inf_mort,всего,на 1000 родившихся живыми,4.60000000,False,0.10000000,2.22222222,70.76923077
Российская Федерация,country,РФ,2022,inf_mort,всего,на 1000 родившихся живыми,4.40000000,False,-0.20000000,-4.34782609,67.69230769
Российская Федерация,country,РФ,2023,inf_mort,всего,на 1000 родившихся живыми,4.20000000,False,-0.20000000,-4.54545455,64.61538462
Российская Федерация,country,РФ,2024,inf_mort,всего,на 1000 родившихся живыми,4.00000000,False,-0.20000000,-4.76190476,61.53846154
Российская Федерация,country,РФ,2015,mat_deaths,всего,человек,196.00000000,False,,,100.00000000
Российская Федерация,country,РФ,2016,mat_deaths,всего,человек,188.00000000,False,-8.00000000,-4.08163265,95.91836735
Российская Федерация,country,РФ,2017,mat_deaths,всего,человек,149.00000000,False,-39.00000000,-20.74468085,76.02040816
Российская Федерация,country,РФ,2018,mat_deaths,всего,человек,146.00000000,False,-3.00000000,-2.01342282,74.48979592
Российская Федерация,country,РФ,2019,mat_deaths,всего,человек,134.00000000,False,-12.00000000,-8.21917808,68.36734694
Российская Федерация,country,РФ,2020,mat_deaths,всего,человек,161.00000000,False,27.00000000,20.14925373,82.14285714
Российская Федерация,country,РФ,2021,mat_deaths,всего,человек,482.00000000,False,321.00000000,199.37888199,245.91836735
Российская Федерация,country,РФ,2022,mat_deaths,всего,человек,170.00000000,False,-312.00000000,-64.73029046,86.73469388
Российская Федерация,country,РФ,2023,mat_deaths,всего,человек,168.00000000,False,-2.00000000,-1.17647059,85.71428571
Российская Федерация,country,РФ,2024,mat_deaths,всего,человек,,False,,,
Российская Федерация,country,РФ,2015,mat_mort,всего,на 100 000 родившихся живыми,10.10000000,False,,,100.00000000
Российская Федерация,country,РФ,2016,mat_mort,всего,на 100 000 родившихся живыми,10.00000000,False,-0.10000000,-0.99009901,99.00990099
Российская Федерация,country,РФ,2017,mat_mort,всего,на 100 000 родившихся живыми,8.80000000,False,-1.20000000,-12.00000000,87.12871287
Российская Федерация,country,РФ,2018,mat_mort,всего,на 100 000 родившихся живыми,9.10000000,False,0.30000000,3.40909091,90.09900990
Российская Федерация,country,РФ,2019,mat_mort,всего,на 100 000 родившихся живыми,9.00000000,False,-0.10000000,-1.09890110,89.10891089
Российская Федерация,country,РФ,2020,mat_mort,всего,на 100 000 родившихся живыми,11.20000000,False,2.20000000,24.44444444,110.89108911
Российская Федерация,country,РФ,2021,mat_mort,всего,на 100 000 родившихся живыми,34.50000000,False,23.30000000,208.03571429,341.58415842
Российская Федерация,country,РФ,2022,mat_mort,всего,на 100 000 родившихся живыми,13.00000000,False,-21.50000000,-62.31884058,128.71287129
Российская Федерация,country,РФ,2023,mat_mort,всего,на 100 000 родившихся живыми,13.30000000,False,0.30000000,2.30769231,131.68316832
Российская Федерация,country,РФ,2024,mat_mort,всего,на 100 000 родившихся живыми,11.20000000,False,-2.10000000,-15.78947368,110.89108911
Российская Федерация,country,РФ,2015,nat_inc,всего,человек,32038.00000000,False,,,
Российская Федерация,country,РФ,2016,nat_inc,всего,человек,-2286.00000000,False,-34324.00000000,,
Российская Федерация,country,РФ,2017,nat_inc,всего,человек,-135818.00000000,False,-133532.00000000,,
Российская Федерация,country,РФ,2018,nat_inc,всего,человек,-224566.00000000,False,-88748.00000000,,
Российская Федерация,country,РФ,2019,nat_inc,всего,человек,-317233.00000000,False,-92667.00000000,,
Российская Федерация,country,РФ,2020,nat_inc,всего,человек,-702072.00000000,False,-384839.00000000,,
Российская Федерация,country,РФ,2021,nat_inc,всего,человек,-1043341.00000000,False,-341269.00000000,,
Российская Федерация,country,РФ,2022,nat_inc,всего,человек,-594557.00000000,False,448784.00000000,,
Российская Федерация,country,РФ,2023,nat_inc,всего,человек,-500264.00000000,False,94293.00000000,,
Российская Федерация,country,РФ,2024,nat_inc,всего,человек,-596227.00000000,True,-95963.00000000,,
Российская Федерация,country,РФ,2015,opzh,всего,лет,71.38000000,False,,,100.00000000
Российская Федерация,country,РФ,2016,opzh,всего,лет,71.87000000,False,0.49000000,0.68646680,100.68646680
Российская Федерация,country,РФ,2017,opzh,всего,лет,72.70000000,False,0.83000000,1.15486295,101.84925750
Российская Федерация,country,РФ,2018,opzh,всего,лет,72.91000000,False,0.21000000,0.28885832,102.14345755
Российская Федерация,country,РФ,2019,opzh,всего,лет,73.34000000,False,0.43000000,0.58976821,102.74586719
Российская Федерация,country,РФ,2020,opzh,всего,лет,71.58000000,False,-1.76000000,-2.39978184,100.28019053
Российская Федерация,country,РФ,2021,opzh,всего,лет,70.15000000,False,-1.43000000,-1.99776474,98.27682824
Российская Федерация,country,РФ,2022,opzh,всего,лет,72.73000000,False,2.58000000,3.67783321,101.89128607
Российская Федерация,country,РФ,2023,opzh,всего,лет,73.41000000,False,0.68000000,0.93496494,102.84393388
Российская Федерация,country,РФ,2024,opzh,всего,лет,72.84000000,True,-0.57000000,-0.77646097,102.04539087
Российская Федерация,country,РФ,2015,opzh,женщины,лет,76.67000000,False,,,100.00000000
Российская Федерация,country,РФ,2016,opzh,женщины,лет,77.01000000,False,0.34000000,0.44345898,100.44345898
Российская Федерация,country,РФ,2017,opzh,женщины,лет,77.58000000,False,0.57000000,0.74016362,101.18690492
Российская Федерация,country,РФ,2018,opzh,женщины,лет,77.74000000,False,0.16000000,0.20623872,101.39559150
Российская Федерация,country,РФ,2019,opzh,женщины,лет,78.09000000,False,0.35000000,0.45021868,101.85209339
Российская Федерация,country,РФ,2020,opzh,женщины,лет,76.38000000,False,-1.71000000,-2.18978102,99.62175558
Российская Федерация,country,РФ,2021,opzh,женщины,лет,74.50000000,False,-1.88000000,-2.46137732,97.16968827
Российская Федерация,country,РФ,2022,opzh,женщины,лет,77.77000000,False,3.27000000,4.38926174,101.43472023
Российская Федерация,country,РФ,2023,opzh,женщины,лет,78.74000000,False,0.97000000,1.24726758,102.69988261
Российская Федерация,country,РФ,2024,opzh,женщины,лет,,False,,,
Российская Федерация,country,РФ,2015,opzh,мужчины,лет,65.95000000,False,,,100.00000000
Российская Федерация,country,РФ,2016,opzh,мужчины,лет,66.54000000,False,0.59000000,0.89461713,100.89461713
Российская Федерация,country,РФ,2017,opzh,мужчины,лет,67.56000000,False,1.02000000,1.53291253,102.44124337
Российская Федерация,country,РФ,2018,opzh,мужчины,лет,67.82000000,False,0.26000000,0.38484310,102.83548143
Российская Федерация,country,РФ,2019,opzh,мужчины,лет,68.33000000,False,0.51000000,0.75199056,103.60879454
Российская Федерация,country,РФ,2020,opzh,мужчины,лет,66.65000000,False,-1.68000000,-2.45865652,101.06141016
Российская Федерация,country,РФ,2021,opzh,мужчины,лет,65.69000000,False,-0.96000000,-1.44036009,99.60576194
Российская Федерация,country,РФ,2022,opzh,мужчины,лет,67.57000000,False,1.88000000,2.86192723,102.45640637
Российская Федерация,country,РФ,2023,opzh,мужчины,лет,68.04000000,False,0.47000000,0.69557496,103.16906748
Российская Федерация,country,РФ,2024,opzh,мужчины,лет,,False,,,
Российская Федерация,country,РФ,2015,under5_mort,всего,на 1000 родившихся живыми,8.00000000,False,,,100.00000000
Российская Федерация,country,РФ,2016,under5_mort,всего,на 1000 родившихся живыми,7.40000000,False,-0.60000000,-7.50000000,92.50000000
Российская Федерация,country,РФ,2017,under5_mort,всего,на 1000 родившихся живыми,,False,,,
Российская Федерация,country,РФ,2018,under5_mort,всего,на 1000 родившихся живыми,6.30000000,False,,,78.75000000
Российская Федерация,country,РФ,2019,under5_mort,всего,на 1000 родившихся живыми,6.00000000,False,-0.30000000,-4.76190476,75.00000000
Российская Федерация,country,РФ,2020,under5_mort,всего,на 1000 родившихся живыми,5.50000000,False,-0.50000000,-8.33333333,68.75000000
Российская Федерация,country,РФ,2021,under5_mort,всего,на 1000 родившихся живыми,5.80000000,False,0.30000000,5.45454545,72.50000000
Российская Федерация,country,РФ,2022,under5_mort,всего,на 1000 родившихся живыми,5.60000000,False,-0.20000000,-3.44827586,70.00000000
Российская Федерация,country,РФ,2023,under5_mort,всего,на 1000 родившихся живыми,5.30000000,False,-0.30000000,-5.35714286,66.25000000
Российская Федерация,country,РФ,2024,under5_mort,всего,на 1000 родившихся живыми,,False,,,
Ростовская область,region,ЮФО,2015,opzh,всего,лет,71.90000000,False,,,
Ростовская область,region,ЮФО,2019,opzh,всего,лет,73.66000000,False,,,
Ростовская область,region,ЮФО,2021,opzh,всего,лет,69.87000000,False,,,
Рязанская область,region,ЦФО,2015,opzh,всего,лет,71.48000000,False,,,
Рязанская область,region,ЦФО,2019,opzh,всего,лет,73.22000000,False,,,
Рязанская область,region,ЦФО,2021,opzh,всего,лет,68.78000000,False,,,
Самарская область,region,ПФО,2015,opzh,всего,лет,70.40000000,False,,,
Самарская область,region,ПФО,2019,opzh,всего,лет,72.84000000,False,,,
Самарская область,region,ПФО,2021,opzh,всего,лет,69.48000000,False,,,
Саратовская область,region,ПФО,2015,opzh,всего,лет,71.50000000,False,,,
Саратовская область,region,ПФО,2019,opzh,всего,лет,73.28000000,False,,,
Саратовская область,region,ПФО,2021,opzh,всего,лет,69.46000000,False,,,
Сахалинская область,region,ДФО,2015,opzh,всего,лет,67.95000000,False,,,
Сахалинская область,region,ДФО,2019,opzh,всего,лет,70.39000000,False,,,
Сахалинская область,region,ДФО,2021,opzh,всего,лет,68.49000000,False,,,
Свердловская область,region,УФО,2015,opzh,всего,лет,69.82000000,False,,,
Свердловская область,region,УФО,2019,opzh,всего,лет,71.79000000,False,,,
Свердловская область,region,УФО,2021,opzh,всего,лет,68.79000000,False,,,
Северо-Западный федеральный округ,district,СЗФО,2015,opzh,всего,лет,71.63000000,False,,,
Северо-Западный федеральный округ,district,СЗФО,2019,opzh,всего,лет,73.61000000,False,,,
Северо-Западный федеральный округ,district,СЗФО,2021,opzh,всего,лет,70.40000000,False,,,
Северо-Кавказский федеральный округ,district,СКФО,2015,opzh,всего,лет,74.54000000,False,,,
Северо-Кавказский федеральный округ,district,СКФО,2019,opzh,всего,лет,76.42000000,False,,,
Северо-Кавказский федеральный округ,district,СКФО,2021,opzh,всего,лет,73.60000000,False,,,
Сибирский федеральный округ,district,СФО,2015,opzh,всего,лет,69.41000000,False,,,
Сибирский федеральный округ,district,СФО,2019,opzh,всего,лет,71.06000000,False,,,
Сибирский федеральный округ,district,СФО,2021,opzh,всего,лет,68.25000000,False,,,
Смоленская область,region,ЦФО,2015,opzh,всего,лет,69.64000000,False,,,
Смоленская область,region,ЦФО,2019,opzh,всего,лет,71.66000000,False,,,
Смоленская область,region,ЦФО,2021,opzh,всего,лет,67.72000000,False,,,
Ставропольский край,region,СКФО,2015,opzh,всего,лет,73.42000000,False,,,
Ставропольский край,region,СКФО,2019,opzh,всего,лет,74.77000000,False,,,
Ставропольский край,region,СКФО,2021,opzh,всего,лет,71.97000000,False,,,
Тамбовская область,region,ЦФО,2015,opzh,всего,лет,71.63000000,False,,,
Тамбовская область,region,ЦФО,2019,opzh,всего,лет,73.43000000,False,,,
Тамбовская область,region,ЦФО,2021,opzh,всего,лет,69.90000000,False,,,
Тверская область,region,ЦФО,2015,opzh,всего,лет,69.09000000,False,,,
Тверская область,region,ЦФО,2019,opzh,всего,лет,71.20000000,False,,,
Тверская область,region,ЦФО,2021,opzh,всего,лет,67.88000000,False,,,
Томская область,region,СФО,2015,opzh,всего,лет,71.29000000,False,,,
Томская область,region,СФО,2019,opzh,всего,лет,72.93000000,False,,,
Томская область,region,СФО,2021,opzh,всего,лет,69.86000000,False,,,
Тульская область,region,ЦФО,2015,opzh,всего,лет,70.26000000,False,,,
Тульская область,region,ЦФО,2019,opzh,всего,лет,72.58000000,False,,,
Тульская область,region,ЦФО,2021,opzh,всего,лет,69.54000000,False,,,
Тюменская область (без ХМАО и ЯНАО),region,УФО,2015,opzh,всего,лет,70.91000000,False,,,
Тюменская область (без ХМАО и ЯНАО),region,УФО,2019,opzh,всего,лет,73.41000000,False,,,
Тюменская область (без ХМАО и ЯНАО),region,УФО,2021,opzh,всего,лет,70.96000000,False,,,
Удмуртская Республика,region,ПФО,2015,opzh,всего,лет,70.35000000,False,,,
Удмуртская Республика,region,ПФО,2019,opzh,всего,лет,72.55000000,False,,,
Удмуртская Республика,region,ПФО,2021,opzh,всего,лет,69.68000000,False,,,
Ульяновская область,region,ПФО,2015,opzh,всего,лет,70.36000000,False,,,
Ульяновская область,region,ПФО,2019,opzh,всего,лет,72.76000000,False,,,
Ульяновская область,region,ПФО,2021,opzh,всего,лет,68.87000000,False,,,
Уральский федеральный округ,district,УФО,2015,opzh,всего,лет,70.39000000,False,,,
Уральский федеральный округ,district,УФО,2019,opzh,всего,лет,72.54000000,False,,,
Уральский федеральный округ,district,УФО,2021,opzh,всего,лет,69.66000000,False,,,
Хабаровский край,region,ДФО,2015,opzh,всего,лет,68.78000000,False,,,
Хабаровский край,region,ДФО,2019,opzh,всего,лет,70.21000000,False,,,
Хабаровский край,region,ДФО,2021,opzh,всего,лет,68.05000000,False,,,
Ханты-Мансийский автономный округ – Югра,region,УФО,2015,opzh,всего,лет,72.62000000,False,,,
Ханты-Мансийский автономный округ – Югра,region,УФО,2019,opzh,всего,лет,75.11000000,False,,,
Ханты-Мансийский автономный округ – Югра,region,УФО,2021,opzh,всего,лет,72.16000000,False,,,
Центральный федеральный округ,district,ЦФО,2015,opzh,всего,лет,72.76000000,False,,,
Центральный федеральный округ,district,ЦФО,2019,opzh,всего,лет,74.61000000,False,,,
Центральный федеральный округ,district,ЦФО,2021,opzh,всего,лет,71.08000000,False,,,
Челябинская область,region,УФО,2015,opzh,всего,лет,69.90000000,False,,,
Челябинская область,region,УФО,2019,opzh,всего,лет,72.08000000,False,,,
Челябинская область,region,УФО,2021,opzh,всего,лет,69.17000000,False,,,
Чеченская Республика,region,СКФО,2015,opzh,всего,лет,73.33000000,False,,,
Чеченская Республика,region,СКФО,2019,opzh,всего,лет,75.53000000,False,,,
Чеченская Республика,region,СКФО,2021,opzh,всего,лет,72.71000000,False,,,
Чувашская Республика,region,ПФО,2015,opzh,всего,лет,71.29000000,False,,,
Чувашская Республика,region,ПФО,2019,opzh,всего,лет,73.34000000,False,,,
Чувашская Республика,region,ПФО,2021,opzh,всего,лет,69.87000000,False,,,
Чукотский автономный округ,region,ДФО,2015,opzh,всего,лет,63.91000000,False,,,
Чукотский автономный округ,region,ДФО,2019,opzh,всего,лет,67.26000000,False,,,
Чукотский автономный округ,region,ДФО,2021,opzh,всего,лет,64.00000000,False,,,
Южный федеральный округ,district,ЮФО,2015,opzh,всего,лет,71.91000000,False,,,
Южный федеральный округ,district,ЮФО,2019,opzh,всего,лет,73.77000000,False,,,
Южный федеральный округ,district,ЮФО,2021,opzh,всего,лет,70.32000000,False,,,
Ямало-Ненецкий автономный округ,region,УФО,2015,opzh,всего,лет,71.61000000,False,,,
Ямало-Ненецкий автономный округ,region,УФО,2019,opzh,всего,лет,74.21000000,False,,,
Ямало-Ненецкий автономный округ,region,УФО,2021,opzh,всего,лет,71.78000000,False,,,
Ярославская область,region,ЦФО,2015,opzh,всего,лет,70.89000000,False,,,
Ярославская область,region,ЦФО,2019,opzh,всего,лет,72.74000000,False,,,
Ярославская область,region,ЦФО,2021,opzh,всего,лет,68.82000000,False,,,
г. Москва,region,ЦФО,2015,opzh,всего,лет,76.45000000,False,,,
г. Москва,region,ЦФО,2019,opzh,всего,лет,78.08000000,False,,,
г. Москва,region,ЦФО,2021,opzh,всего,лет,74.60000000,False,,,
г. Санкт-Петербург,region,СЗФО,2015,opzh,всего,лет,74.42000000,False,,,
г. Санкт-Петербург,region,СЗФО,2019,opzh,всего,лет,76.38000000,False,,,
г. Санкт-Петербург,region,СЗФО,2021,opzh,всего,лет,72.89000000,False,,,
г. Севастополь,region,ЮФО,2015,opzh,всего,лет,70.76000000,False,,,
г. Севастополь,region,ЮФО,2019,opzh,всего,лет,74.75000000,False,,,
г. Севастополь,region,ЮФО,2021,opzh,всего,лет,72.65000000,False,,,
