territory,source_territory,type,district,2015,2019,2021,change_2015_2019,change_2019_2021,deviation_2021,rank_2021,outlier_2021,group_2021
Российская Федерация,Российская Федерация,country,РФ,71.38000000,73.34000000,70.15000000,1.96000000,-3.19000000,0.00000000,,False,Разница меньше 1 года
Центральный федеральный округ,Центральный федеральный округ,district,ЦФО,72.76000000,74.61000000,71.08000000,1.85000000,-3.53000000,0.93000000,,False,Разница меньше 1 года
Белгородская область,Белгородская область,region,ЦФО,72.63000000,74.26000000,70.72000000,1.63000000,-3.54000000,0.57000000,20.00000000,False,Разница меньше 1 года
Брянская область,Брянская область,region,ЦФО,70.30000000,72.14000000,68.54000000,1.84000000,-3.60000000,-1.61000000,56.00000000,False,Ниже РФ на 1 год и более
Владимирская область,Владимирская область,region,ЦФО,69.88000000,72.00000000,68.31000000,2.12000000,-3.69000000,-1.84000000,63.00000000,False,Ниже РФ на 1 год и более
Воронежская область,Воронежская область,region,ЦФО,71.67000000,73.61000000,69.58000000,1.94000000,-4.03000000,-0.57000000,35.00000000,False,Разница меньше 1 года
Ивановская область,Ивановская область,region,ЦФО,70.40000000,71.41000000,68.51000000,1.01000000,-2.90000000,-1.64000000,58.00000000,False,Ниже РФ на 1 год и более
Калужская область,Калужская область,region,ЦФО,70.95000000,72.79000000,69.78000000,1.84000000,-3.01000000,-0.37000000,30.00000000,False,Разница меньше 1 года
Костромская область,Костромская область,region,ЦФО,70.13000000,71.83000000,68.06000000,1.70000000,-3.77000000,-2.09000000,64.00000000,False,Ниже РФ на 1 год и более
Курская область,Курская область,region,ЦФО,70.77000000,72.18000000,68.51000000,1.41000000,-3.67000000,-1.64000000,58.00000000,False,Ниже РФ на 1 год и более
Липецкая область,Липецкая область,region,ЦФО,71.11000000,73.38000000,68.72000000,2.27000000,-4.66000000,-1.43000000,53.00000000,False,Ниже РФ на 1 год и более
Московская область,Московская область,region,ЦФО,72.90000000,74.67000000,71.36000000,1.77000000,-3.31000000,1.21000000,15.00000000,False,Выше РФ на 1 год и более
Орловская область,Орловская область,region,ЦФО,70.34000000,72.46000000,68.90000000,2.12000000,-3.56000000,-1.25000000,45.00000000,False,Ниже РФ на 1 год и более
Рязанская область,Рязанская область,region,ЦФО,71.48000000,73.22000000,68.78000000,1.74000000,-4.44000000,-1.37000000,51.00000000,False,Ниже РФ на 1 год и более
Смоленская область,Смоленская область,region,ЦФО,69.64000000,71.66000000,67.72000000,2.02000000,-3.94000000,-2.43000000,70.00000000,False,Ниже РФ на 1 год и более
Тамбовская область,Тамбовская область,region,ЦФО,71.63000000,73.43000000,69.90000000,1.80000000,-3.53000000,-0.25000000,24.00000000,False,Разница меньше 1 года
Тверская область,Тверская область,region,ЦФО,69.09000000,71.20000000,67.88000000,2.11000000,-3.32000000,-2.27000000,67.00000000,False,Ниже РФ на 1 год и более
Тульская область,Тульская область,region,ЦФО,70.26000000,72.58000000,69.54000000,2.32000000,-3.04000000,-0.61000000,36.00000000,False,Разница меньше 1 года
Ярославская область,Ярославская область,region,ЦФО,70.89000000,72.74000000,68.82000000,1.85000000,-3.92000000,-1.33000000,48.00000000,False,Ниже РФ на 1 год и более
г. Москва,г. Москва,region,ЦФО,76.45000000,78.08000000,74.60000000,1.63000000,-3.48000000,4.45000000,3.00000000,True,Выше РФ на 1 год и более
Северо-Западный федеральный округ,Северо-Западный федеральный округ,district,СЗФО,71.63000000,73.61000000,70.40000000,1.98000000,-3.21000000,0.25000000,,False,Разница меньше 1 года
Республика Карелия,Республика Карелия,region,СЗФО,68.72000000,70.44000000,66.08000000,1.72000000,-4.36000000,-4.07000000,83.00000000,False,Ниже РФ на 1 год и более
Республика Коми,Республика Коми,region,СЗФО,69.14000000,70.78000000,67.55000000,1.64000000,-3.23000000,-2.60000000,71.00000000,False,Ниже РФ на 1 год и более
Архангельская область (без Ненецкого АО),Архангельская область без автономного округа,region,СЗФО,70.33000000,71.52000000,68.67000000,1.19000000,-2.85000000,-1.48000000,54.00000000,False,Ниже РФ на 1 год и более
Ненецкий автономный округ,Ненецкий автономный округ,region,СЗФО,70.29000000,72.55000000,68.76000000,2.26000000,-3.79000000,-1.39000000,52.00000000,False,Ниже РФ на 1 год и более
Вологодская область,Вологодская область,region,СЗФО,70.39000000,71.78000000,69.06000000,1.39000000,-2.72000000,-1.09000000,43.00000000,False,Ниже РФ на 1 год и более
Калининградская область,Калининградская область,region,СЗФО,70.56000000,73.53000000,70.99000000,2.97000000,-2.54000000,0.84000000,17.00000000,False,Разница меньше 1 года
Ленинградская область,Ленинградская область,region,СЗФО,71.36000000,73.90000000,70.70000000,2.54000000,-3.20000000,0.55000000,21.00000000,False,Разница меньше 1 года
Мурманская область,Мурманская область,region,СЗФО,69.90000000,71.04000000,67.37000000,1.14000000,-3.67000000,-2.78000000,75.00000000,False,Ниже РФ на 1 год и более
Новгородская область,Новгородская область,region,СЗФО,68.63000000,70.33000000,67.48000000,1.70000000,-2.85000000,-2.67000000,73.00000000,False,Ниже РФ на 1 год и более
Псковская область,Псковская область,region,СЗФО,68.35000000,70.38000000,67.44000000,2.03000000,-2.94000000,-2.71000000,74.00000000,False,Ниже РФ на 1 год и более
г. Санкт-Петербург,г. Санкт-Петербург,region,СЗФО,74.42000000,76.38000000,72.89000000,1.96000000,-3.49000000,2.74000000,6.00000000,False,Выше РФ на 1 год и более
Южный федеральный округ,Южный федеральный округ,district,ЮФО,71.91000000,73.77000000,70.32000000,1.86000000,-3.45000000,0.17000000,,False,Разница меньше 1 года
Республика Адыгея,Республика Адыгея,region,ЮФО,72.40000000,74.13000000,71.70000000,1.73000000,-2.43000000,1.55000000,13.00000000,False,Выше РФ на 1 год и более
Республика Калмыкия,Республика Калмыкия,region,ЮФО,72.02000000,74.54000000,71.15000000,2.52000000,-3.39000000,1.00000000,16.00000000,False,Выше РФ на 1 год и более
Республика Крым,Республика Крым,region,ЮФО,70.50000000,72.74000000,69.75000000,2.24000000,-2.99000000,-0.40000000,32.00000000,False,Разница меньше 1 года
Краснодарский край,Краснодарский край,region,ЮФО,72.60000000,74.05000000,70.77000000,1.45000000,-3.28000000,0.62000000,19.00000000,False,Разница меньше 1 года
Астраханская область,Астраханская область,region,ЮФО,70.98000000,72.95000000,69.14000000,1.97000000,-3.81000000,-1.01000000,41.00000000,False,Ниже РФ на 1 год и более
Волгоградская область,Волгоградская область,region,ЮФО,72.00000000,74.11000000,70.11000000,2.11000000,-4.00000000,-0.04000000,23.00000000,False,Разница меньше 1 года
Ростовская область,Ростовская область,region,ЮФО,71.90000000,73.66000000,69.87000000,1.76000000,-3.79000000,-0.28000000,25.00000000,False,Разница меньше 1 года
г. Севастополь,г. Севастополь,region,ЮФО,70.76000000,74.75000000,72.65000000,3.99000000,-2.10000000,2.50000000,8.00000000,False,Выше РФ на 1 год и более
Северо-Кавказский федеральный округ,Северо-Кавказский федеральный округ,district,СКФО,74.54000000,76.42000000,73.60000000,1.88000000,-2.82000000,3.45000000,,False,Выше РФ на 1 год и более
Республика Дагестан,Республика Дагестан,region,СКФО,76.34000000,79.03000000,76.28000000,2.69000000,-2.75000000,6.13000000,1.00000000,True,Выше РФ на 1 год и более
Республика Ингушетия,Республика Ингушетия,region,СКФО,78.47000000,79.64000000,75.77000000,1.17000000,-3.87000000,5.62000000,2.00000000,True,Выше РФ на 1 год и более
Кабардино-Балкарская Республика,Кабардино-Балкарская Республика,region,СКФО,74.54000000,76.20000000,73.58000000,1.66000000,-2.62000000,3.43000000,4.00000000,False,Выше РФ на 1 год и более
Карачаево-Черкесская Республика,Карачаево-Черкесская Республика,region,СКФО,74.26000000,75.70000000,72.95000000,1.44000000,-2.75000000,2.80000000,5.00000000,False,Выше РФ на 1 год и более
Республика Северная Осетия – Алания,Республика Северная Осетия – Алания,region,СКФО,74.03000000,75.39000000,72.30000000,1.36000000,-3.09000000,2.15000000,9.00000000,False,Выше РФ на 1 год и более
Чеченская Республика,Чеченская Республика,region,СКФО,73.33000000,75.53000000,72.71000000,2.20000000,-2.82000000,2.56000000,7.00000000,False,Выше РФ на 1 год и более
Ставропольский край,Ставропольский край,region,СКФО,73.42000000,74.77000000,71.97000000,1.35000000,-2.80000000,1.82000000,11.00000000,False,Выше РФ на 1 год и более
Приволжский федеральный округ,Приволжский федеральный округ,district,ПФО,70.71000000,72.94000000,69.56000000,2.23000000,-3.38000000,-0.59000000,,False,Разница меньше 1 года
Республика Башкортостан,Республика Башкортостан,region,ПФО,70.19000000,72.82000000,69.80000000,2.63000000,-3.02000000,-0.35000000,29.00000000,False,Разница меньше 1 года
Республика Марий Эл,Республика Марий Эл,region,ПФО,69.84000000,72.95000000,69.59000000,3.11000000,-3.36000000,-0.56000000,34.00000000,False,Разница меньше 1 года
Республика Мордовия,Республика Мордовия,region,ПФО,72.14000000,74.14000000,70.57000000,2.00000000,-3.57000000,0.42000000,22.00000000,False,Разница меньше 1 года
Республика Татарстан,Республика Татарстан,region,ПФО,72.92000000,75.24000000,71.66000000,2.32000000,-3.58000000,1.51000000,14.00000000,False,Выше РФ на 1 год и более
Удмуртская Республика,Удмуртская Республика,region,ПФО,70.35000000,72.55000000,69.68000000,2.20000000,-2.87000000,-0.47000000,33.00000000,False,Разница меньше 1 года
Чувашская Республика,Чувашская Республика,region,ПФО,71.29000000,73.34000000,69.87000000,2.05000000,-3.47000000,-0.28000000,25.00000000,False,Разница меньше 1 года
Пермский край,Пермский край,region,ПФО,69.06000000,71.25000000,68.45000000,2.19000000,-2.80000000,-1.70000000,61.00000000,False,Ниже РФ на 1 год и более
Кировская область,Кировская область,region,ПФО,70.88000000,72.48000000,69.08000000,1.60000000,-3.40000000,-1.07000000,42.00000000,False,Ниже РФ на 1 год и более
Нижегородская область,Нижегородская область,region,ПФО,70.11000000,72.19000000,68.81000000,2.08000000,-3.38000000,-1.34000000,49.00000000,False,Ниже РФ на 1 год и более
Оренбургская область,Оренбургская область,region,ПФО,69.50000000,71.81000000,67.96000000,2.31000000,-3.85000000,-2.19000000,66.00000000,False,Ниже РФ на 1 год и более
Пензенская область,Пензенская область,region,ПФО,72.00000000,73.35000000,69.77000000,1.35000000,-3.58000000,-0.38000000,31.00000000,False,Разница меньше 1 года
Самарская область,Самарская область,region,ПФО,70.40000000,72.84000000,69.48000000,2.44000000,-3.36000000,-0.67000000,37.00000000,False,Разница меньше 1 года
Саратовская область,Саратовская область,region,ПФО,71.50000000,73.28000000,69.46000000,1.78000000,-3.82000000,-0.69000000,38.00000000,False,Разница меньше 1 года
Ульяновская область,Ульяновская область,region,ПФО,70.36000000,72.76000000,68.87000000,2.40000000,-3.89000000,-1.28000000,46.00000000,False,Ниже РФ на 1 год и более
Уральский федеральный округ,Уральский федеральный округ,district,УФО,70.39000000,72.54000000,69.66000000,2.15000000,-2.88000000,-0.49000000,,False,Разница меньше 1 года
Курганская область,Курганская область,region,УФО,68.85000000,70.75000000,67.82000000,1.90000000,-2.93000000,-2.33000000,68.00000000,False,Ниже РФ на 1 год и более
Свердловская область,Свердловская область,region,УФО,69.82000000,71.79000000,68.79000000,1.97000000,-3.00000000,-1.36000000,50.00000000,False,Ниже РФ на 1 год и более
Тюменская область (без ХМАО и ЯНАО),Тюменская область без автономных округов,region,УФО,70.91000000,73.41000000,70.96000000,2.50000000,-2.45000000,0.81000000,18.00000000,False,Разница меньше 1 года
Ханты-Мансийский автономный округ – Югра,Ханты-Мансийский автономный округ – Югра,region,УФО,72.62000000,75.11000000,72.16000000,2.49000000,-2.95000000,2.01000000,10.00000000,False,Выше РФ на 1 год и более
Ямало-Ненецкий автономный округ,Ямало-Ненецкий автономный округ,region,УФО,71.61000000,74.21000000,71.78000000,2.60000000,-2.43000000,1.63000000,12.00000000,False,Выше РФ на 1 год и более
Челябинская область,Челябинская область,region,УФО,69.90000000,72.08000000,69.17000000,2.18000000,-2.91000000,-0.98000000,40.00000000,False,Разница меньше 1 года
Сибирский федеральный округ,Сибирский федеральный округ,district,СФО,69.41000000,71.06000000,68.25000000,1.65000000,-2.81000000,-1.90000000,,False,Ниже РФ на 1 год и более
Республика Алтай,Республика Алтай,region,СФО,68.19000000,69.78000000,67.22000000,1.59000000,-2.56000000,-2.93000000,77.00000000,False,Ниже РФ на 1 год и более
Республика Тыва,Республика Тыва,region,СФО,63.14000000,67.50000000,66.81000000,4.36000000,-0.69000000,-3.34000000,80.00000000,False,Ниже РФ на 1 год и более
Республика Хакасия,Республика Хакасия,region,СФО,68.72000000,71.10000000,68.62000000,2.38000000,-2.48000000,-1.53000000,55.00000000,False,Ниже РФ на 1 год и более
Алтайский край,Алтайский край,region,СФО,70.13000000,70.92000000,67.79000000,0.79000000,-3.13000000,-2.36000000,69.00000000,False,Ниже РФ на 1 год и более
Красноярский край,Красноярский край,region,СФО,69.72000000,71.23000000,68.45000000,1.51000000,-2.78000000,-1.70000000,61.00000000,False,Ниже РФ на 1 год и более
Иркутская область,Иркутская область,region,СФО,67.46000000,69.73000000,67.01000000,2.27000000,-2.72000000,-3.14000000,78.00000000,False,Ниже РФ на 1 год и более
Кемеровская область,Кемеровская область,region,СФО,68.27000000,69.69000000,67.54000000,1.42000000,-2.15000000,-2.61000000,72.00000000,False,Ниже РФ на 1 год и более
Новосибирская область,Новосибирская область,region,СФО,70.91000000,72.37000000,69.35000000,1.46000000,-3.02000000,-0.80000000,39.00000000,False,Разница меньше 1 года
Омская область,Омская область,region,СФО,70.39000000,72.29000000,68.98000000,1.90000000,-3.31000000,-1.17000000,44.00000000,False,Ниже РФ на 1 год и более
Томская область,Томская область,region,СФО,71.29000000,72.93000000,69.86000000,1.64000000,-3.07000000,-0.29000000,27.00000000,False,Разница меньше 1 года
Дальневосточный федеральный округ,Дальневосточный федеральный округ,district,ДФО,68.48000000,70.08000000,67.95000000,1.60000000,-2.13000000,-2.20000000,,False,Ниже РФ на 1 год и более
Республика Бурятия,Республика Бурятия,region,ДФО,69.10000000,70.71000000,68.87000000,1.61000000,-1.84000000,-1.28000000,46.00000000,False,Ниже РФ на 1 год и более
Республика Саха (Якутия),Республика Саха (Якутия),region,ДФО,70.23000000,72.82000000,69.82000000,2.59000000,-3.00000000,-0.33000000,28.00000000,False,Разница меньше 1 года
Забайкальский край,Забайкальский край,region,ДФО,67.15000000,68.49000000,66.37000000,1.34000000,-2.12000000,-3.78000000,81.00000000,False,Ниже РФ на 1 год и более
Камчатский край,Камчатский край,region,ДФО,68.23000000,69.91000000,67.30000000,1.68000000,-2.61000000,-2.85000000,76.00000000,False,Ниже РФ на 1 год и более
Приморский край,Приморский край,region,ДФО,69.14000000,70.42000000,68.53000000,1.28000000,-1.89000000,-1.62000000,57.00000000,False,Ниже РФ на 1 год и более
Хабаровский край,Хабаровский край,region,ДФО,68.78000000,70.21000000,68.05000000,1.43000000,-2.16000000,-2.10000000,65.00000000,False,Ниже РФ на 1 год и более
Амурская область,Амурская область,region,ДФО,67.15000000,68.42000000,66.10000000,1.27000000,-2.32000000,-4.05000000,82.00000000,False,Ниже РФ на 1 год и более
Магаданская область,Магаданская область,region,ДФО,67.93000000,69.23000000,66.98000000,1.30000000,-2.25000000,-3.17000000,79.00000000,False,Ниже РФ на 1 год и более
Сахалинская область,Сахалинская область,region,ДФО,67.95000000,70.39000000,68.49000000,2.44000000,-1.90000000,-1.66000000,60.00000000,False,Ниже РФ на 1 год и более
Еврейская автономная область,Еврейская автономная область,region,ДФО,64.92000000,67.91000000,65.96000000,2.99000000,-1.95000000,-4.19000000,84.00000000,False,Ниже РФ на 1 год и более
Чукотский автономный округ,Чукотский автономный округ,region,ДФО,63.91000000,67.26000000,64.00000000,3.35000000,-3.26000000,-6.15000000,85.00000000,True,Ниже РФ на 1 год и более
