year,births,cdr,deaths,inf_mort,mat_deaths,mat_mort,nat_inc,opzh,opzh_f,opzh_m,under5_mort,gender_gap
2015,1940579.00000000,13.00000000,1908541.00000000,6.50000000,196.00000000,10.10000000,32038.00000000,71.38000000,76.67000000,65.95000000,8.00000000,10.72000000
2016,1888729.00000000,12.80000000,1891015.00000000,6.00000000,188.00000000,10.00000000,-2286.00000000,71.87000000,77.01000000,66.54000000,7.40000000,10.47000000
2017,1690307.00000000,12.40000000,1826125.00000000,5.60000000,149.00000000,8.80000000,-135818.00000000,72.70000000,77.58000000,67.56000000,,10.02000000
2018,1604344.00000000,12.40000000,1828910.00000000,5.10000000,146.00000000,9.10000000,-224566.00000000,72.91000000,77.74000000,67.82000000,6.30000000,9.92000000
2019,1481074.00000000,12.20000000,1798307.00000000,4.90000000,134.00000000,9.00000000,-317233.00000000,73.34000000,78.09000000,68.33000000,6.00000000,9.76000000
2020,1436514.00000000,14.50000000,2138586.00000000,4.50000000,161.00000000,11.20000000,-702072.00000000,71.58000000,76.38000000,66.65000000,5.50000000,9.73000000
2021,1398253.00000000,16.60000000,2441594.00000000,4.60000000,482.00000000,34.50000000,-1043341.00000000,70.15000000,74.50000000,65.69000000,5.80000000,8.81000000
2022,1304087.00000000,12.90000000,1898644.00000000,4.40000000,170.00000000,13.00000000,-594557.00000000,72.73000000,77.77000000,67.57000000,5.60000000,10.20000000
2023,1264354.00000000,12.10000000,1764618.00000000,4.20000000,168.00000000,13.30000000,-500264.00000000,73.41000000,78.74000000,68.04000000,5.30000000,10.70000000
2024,1222408.00000000,12.50000000,1818635.00000000,4.00000000,,11.20000000,-596227.00000000,72.84000000,,,,
