file,key,year,value,status,source_id,source_url
rosstat_rf_zdorovie.csv,"Ожидаемая продолжительность жизни при рождении, все население",2015,"71,38",verified_exact,opzh,https://fedstat.ru/indicator/31293
rosstat_rf_zdorovie.csv,"Ожидаемая продолжительность жизни при рождении, все население",2016,"71,87",verified_exact,opzh,https://fedstat.ru/indicator/31293
rosstat_rf_zdorovie.csv,"Ожидаемая продолжительность жизни при рождении, все население",2017,"72,70",verified_exact,opzh,https://fedstat.ru/indicator/31293
rosstat_rf_zdorovie.csv,"Ожидаемая продолжительность жизни при рождении, все население",2018,"72,91",verified_exact,opzh,https://fedstat.ru/indicator/31293
rosstat_rf_zdorovie.csv,"Ожидаемая продолжительность жизни при рождении, все население",2019,"73,34",verified_exact,opzh,https://fedstat.ru/indicator/31293
rosstat_rf_zdorovie.csv,"Ожидаемая продолжительность жизни при рождении, все население",2020,"71,58",verified_exact,opzh,https://fedstat.ru/indicator/31293
rosstat_rf_zdorovie.csv,"Ожидаемая продолжительность жизни при рождении, все население",2021,"70,15",verified_exact,opzh,https://fedstat.ru/indicator/31293
rosstat_rf_zdorovie.csv,"Ожидаемая продолжительность жизни при рождении, все население",2022,"72,73",verified_exact,opzh,https://fedstat.ru/indicator/31293
rosstat_rf_zdorovie.csv,"Ожидаемая продолжительность жизни при рождении, все население",2023,"73,41",verified_exact,opzh,https://fedstat.ru/indicator/31293
rosstat_rf_zdorovie.csv,"Ожидаемая продолжительность жизни при рождении, все население",2024,"72,84*",verified_preliminary,opzh,https://fedstat.ru/indicator/31293
rosstat_rf_zdorovie.csv,"Ожидаемая продолжительность жизни при рождении, мужчины",2015,"65,95",verified_exact,opzh,https://fedstat.ru/indicator/31293
rosstat_rf_zdorovie.csv,"Ожидаемая продолжительность жизни при рождении, мужчины",2016,"66,54",verified_exact,opzh,https://fedstat.ru/indicator/31293
rosstat_rf_zdorovie.csv,"Ожидаемая продолжительность жизни при рождении, мужчины",2017,"67,56",verified_exact,opzh,https://fedstat.ru/indicator/31293
rosstat_rf_zdorovie.csv,"Ожидаемая продолжительность жизни при рождении, мужчины",2018,"67,82",verified_exact,opzh,https://fedstat.ru/indicator/31293
rosstat_rf_zdorovie.csv,"Ожидаемая продолжительность жизни при рождении, мужчины",2019,"68,33",verified_exact,opzh,https://fedstat.ru/indicator/31293
rosstat_rf_zdorovie.csv,"Ожидаемая продолжительность жизни при рождении, мужчины",2020,"66,65",verified_exact,opzh,https://fedstat.ru/indicator/31293
rosstat_rf_zdorovie.csv,"Ожидаемая продолжительность жизни при рождении, мужчины",2021,"65,69",verified_exact,opzh,https://fedstat.ru/indicator/31293
rosstat_rf_zdorovie.csv,"Ожидаемая продолжительность жизни при рождении, мужчины",2022,"67,57",verified_exact,opzh,https://fedstat.ru/indicator/31293
rosstat_rf_zdorovie.csv,"Ожидаемая продолжительность жизни при рождении, мужчины",2023,"68,04",verified_exact,opzh,https://fedstat.ru/indicator/31293
rosstat_rf_zdorovie.csv,"Ожидаемая продолжительность жизни при рождении, мужчины",2024,…,missing_in_selected_official_snapshot,opzh,https://fedstat.ru/indicator/31293
rosstat_rf_zdorovie.csv,"Ожидаемая продолжительность жизни при рождении, женщины",2015,"76,67",verified_exact,opzh,https://fedstat.ru/indicator/31293
rosstat_rf_zdorovie.csv,"Ожидаемая продолжительность жизни при рождении, женщины",2016,"77,01",verified_exact,opzh,https://fedstat.ru/indicator/31293
rosstat_rf_zdorovie.csv,"Ожидаемая продолжительность жизни при рождении, женщины",2017,"77,58",verified_exact,opzh,https://fedstat.ru/indicator/31293
rosstat_rf_zdorovie.csv,"Ожидаемая продолжительность жизни при рождении, женщины",2018,"77,74",verified_exact,opzh,https://fedstat.ru/indicator/31293
rosstat_rf_zdorovie.csv,"Ожидаемая продолжительность жизни при рождении, женщины",2019,"78,09",verified_exact,opzh,https://fedstat.ru/indicator/31293
rosstat_rf_zdorovie.csv,"Ожидаемая продолжительность жизни при рождении, женщины",2020,"76,38",verified_exact,opzh,https://fedstat.ru/indicator/31293
rosstat_rf_zdorovie.csv,"Ожидаемая продолжительность жизни при рождении, женщины",2021,"74,5",verified_exact,opzh,https://fedstat.ru/indicator/31293
rosstat_rf_zdorovie.csv,"Ожидаемая продолжительность жизни при рождении, женщины",2022,"77,77",verified_exact,opzh,https://fedstat.ru/indicator/31293
rosstat_rf_zdorovie.csv,"Ожидаемая продолжительность жизни при рождении, женщины",2023,"78,74",verified_exact,opzh,https://fedstat.ru/indicator/31293
rosstat_rf_zdorovie.csv,"Ожидаемая продолжительность жизни при рождении, женщины",2024,…,missing_in_selected_official_snapshot,opzh,https://fedstat.ru/indicator/31293
rosstat_rf_zdorovie.csv,Коэффициент младенческой смертности,2015,"6,5",verified_rounded_0.1,infant,https://rosstat.gov.ru/storage/mediabank/demo22_2022.xls
rosstat_rf_zdorovie.csv,Коэффициент младенческой смертности,2016,"6,0",verified_rounded_0.1,infant,https://rosstat.gov.ru/storage/mediabank/demo22_2022.xls
rosstat_rf_zdorovie.csv,Коэффициент младенческой смертности,2017,"5,6",verified_rounded_0.1,infant,https://rosstat.gov.ru/storage/mediabank/demo22_2022.xls
rosstat_rf_zdorovie.csv,Коэффициент младенческой смертности,2018,"5,1",verified_rounded_0.1,infant,https://rosstat.gov.ru/storage/mediabank/demo22_2022.xls
rosstat_rf_zdorovie.csv,Коэффициент младенческой смертности,2019,"4,9",verified_rounded_0.1,infant,https://rosstat.gov.ru/storage/mediabank/demo22_2022.xls
rosstat_rf_zdorovie.csv,Коэффициент младенческой смертности,2020,"4,5",verified_rounded_0.1,infant,https://rosstat.gov.ru/storage/mediabank/demo22_2022.xls
rosstat_rf_zdorovie.csv,Коэффициент младенческой смертности,2021,"4,6",verified_rounded_0.1,infant,https://rosstat.gov.ru/storage/mediabank/demo22_2022.xls
rosstat_rf_zdorovie.csv,Коэффициент младенческой смертности,2022,"4,4",verified_rounded_0.1,infant,https://rosstat.gov.ru/storage/mediabank/demo22_2022.xls
rosstat_rf_zdorovie.csv,Коэффициент младенческой смертности,2023,"4,2",verified_rounded_0.1,infant2023,https://rosstat.gov.ru/storage/mediabank/Ejegodnik_2024.pdf
rosstat_rf_zdorovie.csv,Коэффициент младенческой смертности,2024,"4,0",verified_rounded_0.1,infant2024,https://rosstat.gov.ru/storage/mediabank/Region_Pokaz_2025.pdf
rosstat_rf_zdorovie.csv,Коэффициент материнской смертности,2015,"10,1",verified_exact,maternal,https://fedstat.ru/indicator/57314
rosstat_rf_zdorovie.csv,Коэффициент материнской смертности,2016,"10,0",verified_exact,maternal,https://fedstat.ru/indicator/57314
rosstat_rf_zdorovie.csv,Коэффициент материнской смертности,2017,"8,8",verified_exact,maternal,https://fedstat.ru/indicator/57314
rosstat_rf_zdorovie.csv,Коэффициент материнской смертности,2018,"9,1",verified_exact,maternal,https://fedstat.ru/indicator/57314
rosstat_rf_zdorovie.csv,Коэффициент материнской смертности,2019,"9,0",verified_exact,maternal,https://fedstat.ru/indicator/57314
rosstat_rf_zdorovie.csv,Коэффициент материнской смертности,2020,"11,2",verified_exact,maternal,https://fedstat.ru/indicator/57314
rosstat_rf_zdorovie.csv,Коэффициент материнской смертности,2021,"34,5",verified_exact,maternal,https://fedstat.ru/indicator/57314
rosstat_rf_zdorovie.csv,Коэффициент материнской смертности,2022,"13,0",verified_exact,maternal,https://fedstat.ru/indicator/57314
rosstat_rf_zdorovie.csv,Коэффициент материнской смертности,2023,"13,3",verified_exact,maternal,https://fedstat.ru/indicator/57314
rosstat_rf_zdorovie.csv,Коэффициент материнской смертности,2024,"11,2",verified_exact,maternal,https://fedstat.ru/indicator/57314
rosstat_rf_zdorovie.csv,Число умерших женщин от материнских причин,2015,196,verified_exact,maternalcount,https://rosstat.gov.ru/storage/mediabank/demo23_2022.xls
rosstat_rf_zdorovie.csv,Число умерших женщин от материнских причин,2016,188,verified_exact,maternalcount,https://rosstat.gov.ru/storage/mediabank/demo23_2022.xls
rosstat_rf_zdorovie.csv,Число умерших женщин от материнских причин,2017,149,verified_exact,maternalcount,https://rosstat.gov.ru/storage/mediabank/demo23_2022.xls
rosstat_rf_zdorovie.csv,Число умерших женщин от материнских причин,2018,146,verified_exact,maternalcount,https://rosstat.gov.ru/storage/mediabank/demo23_2022.xls
rosstat_rf_zdorovie.csv,Число умерших женщин от материнских причин,2019,134,verified_exact,maternalcount,https://rosstat.gov.ru/storage/mediabank/demo23_2022.xls
rosstat_rf_zdorovie.csv,Число умерших женщин от материнских причин,2020,161,verified_exact,maternalcount,https://rosstat.gov.ru/storage/mediabank/demo23_2022.xls
rosstat_rf_zdorovie.csv,Число умерших женщин от материнских причин,2021,482,verified_exact,maternalcount,https://rosstat.gov.ru/storage/mediabank/demo23_2022.xls
rosstat_rf_zdorovie.csv,Число умерших женщин от материнских причин,2022,170,verified_exact,maternalcount,https://rosstat.gov.ru/storage/mediabank/demo23_2022.xls
rosstat_rf_zdorovie.csv,Число умерших женщин от материнских причин,2023,168,verified_exact,maternalcount2023,https://rosstat.gov.ru/storage/2025/02-21/iKdrivYU/ОПРФ_семья_и_дети_концепция04_СМАРТ.pdf
rosstat_rf_zdorovie.csv,Число умерших женщин от материнских причин,2024,…,missing_in_selected_official_snapshot,maternalcount,https://rosstat.gov.ru/storage/mediabank/demo23_2022.xls
rosstat_rf_zdorovie.csv,Число родившихся,2015,1 940 579,verified_exact,birthdeath,https://rosstat.gov.ru/storage/mediabank/demo21_2023.xlsx
rosstat_rf_zdorovie.csv,Число родившихся,2016,1 888 729,verified_exact,birthdeath,https://rosstat.gov.ru/storage/mediabank/demo21_2023.xlsx
rosstat_rf_zdorovie.csv,Число родившихся,2017,1 690 307,verified_exact,birthdeath,https://rosstat.gov.ru/storage/mediabank/demo21_2023.xlsx
rosstat_rf_zdorovie.csv,Число родившихся,2018,1 604 344,verified_exact,birthdeath,https://rosstat.gov.ru/storage/mediabank/demo21_2023.xlsx
rosstat_rf_zdorovie.csv,Число родившихся,2019,1 481 074,verified_exact,birthdeath,https://rosstat.gov.ru/storage/mediabank/demo21_2023.xlsx
rosstat_rf_zdorovie.csv,Число родившихся,2020,1 436 514,verified_exact,birthdeath,https://rosstat.gov.ru/storage/mediabank/demo21_2023.xlsx
rosstat_rf_zdorovie.csv,Число родившихся,2021,1 398 253,verified_exact,birthdeath,https://rosstat.gov.ru/storage/mediabank/demo21_2023.xlsx
rosstat_rf_zdorovie.csv,Число родившихся,2022,1 304 087,verified_exact,birthdeath,https://rosstat.gov.ru/storage/mediabank/demo21_2023.xlsx
rosstat_rf_zdorovie.csv,Число родившихся,2023,1 264 354,verified_exact,birthdeath,https://rosstat.gov.ru/storage/mediabank/demo21_2023.xlsx
rosstat_rf_zdorovie.csv,Число родившихся,2024,1 222 408*,verified_preliminary,birthdeath2024,https://rosstat.gov.ru/storage/mediabank/cent_fo_4k-2024.pdf
rosstat_rf_zdorovie.csv,Число умерших,2015,1 908 541,verified_exact,birthdeath,https://rosstat.gov.ru/storage/mediabank/demo21_2023.xlsx
rosstat_rf_zdorovie.csv,Число умерших,2016,1 891 015,verified_exact,birthdeath,https://rosstat.gov.ru/storage/mediabank/demo21_2023.xlsx
rosstat_rf_zdorovie.csv,Число умерших,2017,1 826 125,verified_exact,birthdeath,https://rosstat.gov.ru/storage/mediabank/demo21_2023.xlsx
rosstat_rf_zdorovie.csv,Число умерших,2018,1 828 910,verified_exact,birthdeath,https://rosstat.gov.ru/storage/mediabank/demo21_2023.xlsx
rosstat_rf_zdorovie.csv,Число умерших,2019,1 798 307,verified_exact,birthdeath,https://rosstat.gov.ru/storage/mediabank/demo21_2023.xlsx
rosstat_rf_zdorovie.csv,Число умерших,2020,2 138 586,verified_exact,birthdeath,https://rosstat.gov.ru/storage/mediabank/demo21_2023.xlsx
rosstat_rf_zdorovie.csv,Число умерших,2021,2 441 594,verified_exact,birthdeath,https://rosstat.gov.ru/storage/mediabank/demo21_2023.xlsx
rosstat_rf_zdorovie.csv,Число умерших,2022,1 898 644,verified_exact,birthdeath,https://rosstat.gov.ru/storage/mediabank/demo21_2023.xlsx
rosstat_rf_zdorovie.csv,Число умерших,2023,1 764 618,verified_exact,birthdeath,https://rosstat.gov.ru/storage/mediabank/demo21_2023.xlsx
rosstat_rf_zdorovie.csv,Число умерших,2024,1 818 635*,verified_preliminary,birthdeath2024,https://rosstat.gov.ru/storage/mediabank/cent_fo_4k-2024.pdf
rosstat_rf_zdorovie.csv,Естественный прирост (убыль) населения,2015,32 038,verified_exact,birthdeath,https://rosstat.gov.ru/storage/mediabank/demo21_2023.xlsx
rosstat_rf_zdorovie.csv,Естественный прирост (убыль) населения,2016,-2 286,verified_exact,birthdeath,https://rosstat.gov.ru/storage/mediabank/demo21_2023.xlsx
rosstat_rf_zdorovie.csv,Естественный прирост (убыль) населения,2017,-135 818,verified_exact,birthdeath,https://rosstat.gov.ru/storage/mediabank/demo21_2023.xlsx
rosstat_rf_zdorovie.csv,Естественный прирост (убыль) населения,2018,-224 566,verified_exact,birthdeath,https://rosstat.gov.ru/storage/mediabank/demo21_2023.xlsx
rosstat_rf_zdorovie.csv,Естественный прирост (убыль) населения,2019,-317 233,verified_exact,birthdeath,https://rosstat.gov.ru/storage/mediabank/demo21_2023.xlsx
rosstat_rf_zdorovie.csv,Естественный прирост (убыль) населения,2020,-702 072,verified_exact,birthdeath,https://rosstat.gov.ru/storage/mediabank/demo21_2023.xlsx
rosstat_rf_zdorovie.csv,Естественный прирост (убыль) населения,2021,-1 043 341,verified_exact,birthdeath,https://rosstat.gov.ru/storage/mediabank/demo21_2023.xlsx
rosstat_rf_zdorovie.csv,Естественный прирост (убыль) населения,2022,-594 557,verified_exact,birthdeath,https://rosstat.gov.ru/storage/mediabank/demo21_2023.xlsx
rosstat_rf_zdorovie.csv,Естественный прирост (убыль) населения,2023,-500 264,verified_exact,birthdeath,https://rosstat.gov.ru/storage/mediabank/demo21_2023.xlsx
rosstat_rf_zdorovie.csv,Естественный прирост (убыль) населения,2024,-596 227*,verified_preliminary,birthdeath2024,https://rosstat.gov.ru/storage/mediabank/cent_fo_4k-2024.pdf
rosstat_rf_zdorovie.csv,Общий коэффициент смертности,2015,"13,0",verified_exact,birthdeath,https://rosstat.gov.ru/storage/mediabank/demo21_2023.xlsx
rosstat_rf_zdorovie.csv,Общий коэффициент смертности,2016,"12,8",verified_exact,birthdeath,https://rosstat.gov.ru/storage/mediabank/demo21_2023.xlsx
rosstat_rf_zdorovie.csv,Общий коэффициент смертности,2017,"12,4",verified_exact,birthdeath,https://rosstat.gov.ru/storage/mediabank/demo21_2023.xlsx
rosstat_rf_zdorovie.csv,Общий коэффициент смертности,2018,"12,4",verified_exact,birthdeath,https://rosstat.gov.ru/storage/mediabank/demo21_2023.xlsx
rosstat_rf_zdorovie.csv,Общий коэффициент смертности,2019,"12,2",verified_exact,birthdeath,https://rosstat.gov.ru/storage/mediabank/demo21_2023.xlsx
rosstat_rf_zdorovie.csv,Общий коэффициент смертности,2020,"14,5",verified_exact,birthdeath,https://rosstat.gov.ru/storage/mediabank/demo21_2023.xlsx
rosstat_rf_zdorovie.csv,Общий коэффициент смертности,2021,"16,6",verified_exact,birthdeath,https://rosstat.gov.ru/storage/mediabank/demo21_2023.xlsx
rosstat_rf_zdorovie.csv,Общий коэффициент смертности,2022,"12,9",verified_exact,birthdeath,https://rosstat.gov.ru/storage/mediabank/demo21_2023.xlsx
rosstat_rf_zdorovie.csv,Общий коэффициент смертности,2023,"12,1",verified_exact,birthdeath,https://rosstat.gov.ru/storage/mediabank/demo21_2023.xlsx
rosstat_rf_zdorovie.csv,Общий коэффициент смертности,2024,"12,5*",verified_preliminary,birthdeath2024,https://rosstat.gov.ru/storage/mediabank/cent_fo_4k-2024.pdf
rosstat_rf_zdorovie.csv,Коэффициент смертности детей до 5 лет,2015,8,verified_exact,under5,https://fedstat.ru/indicator/58536
rosstat_rf_zdorovie.csv,Коэффициент смертности детей до 5 лет,2016,"7,4",verified_exact,under5,https://fedstat.ru/indicator/58536
rosstat_rf_zdorovie.csv,Коэффициент смертности детей до 5 лет,2017,…,missing_in_selected_official_snapshot,under5,https://fedstat.ru/indicator/58536
rosstat_rf_zdorovie.csv,Коэффициент смертности детей до 5 лет,2018,"6,3",verified_exact,under5,https://fedstat.ru/indicator/58536
rosstat_rf_zdorovie.csv,Коэффициент смертности детей до 5 лет,2019,6,verified_exact,under5,https://fedstat.ru/indicator/58536
rosstat_rf_zdorovie.csv,Коэффициент смертности детей до 5 лет,2020,"5,5",verified_exact,under5,https://fedstat.ru/indicator/58536
rosstat_rf_zdorovie.csv,Коэффициент смертности детей до 5 лет,2021,"5,8",verified_exact,under5,https://fedstat.ru/indicator/58536
rosstat_rf_zdorovie.csv,Коэффициент смертности детей до 5 лет,2022,"5,6",verified_exact,under5,https://fedstat.ru/indicator/58536
rosstat_rf_zdorovie.csv,Коэффициент смертности детей до 5 лет,2023,"5,3",verified_exact,under5,https://fedstat.ru/indicator/58536
rosstat_rf_zdorovie.csv,Коэффициент смертности детей до 5 лет,2024,…,missing_in_selected_official_snapshot,under5,https://fedstat.ru/indicator/58536
rosstat_opzh_regiony.csv,Российская Федерация,2015,"71,38",verified_exact,opzh,https://fedstat.ru/indicator/31293
rosstat_opzh_regiony.csv,Российская Федерация,2019,"73,34",verified_exact,opzh,https://fedstat.ru/indicator/31293
rosstat_opzh_regiony.csv,Российская Федерация,2021,"70,15",verified_exact,opzh,https://fedstat.ru/indicator/31293
rosstat_opzh_regiony.csv,Центральный федеральный округ,2015,"72,76",verified_exact,opzh,https://fedstat.ru/indicator/31293
rosstat_opzh_regiony.csv,Центральный федеральный округ,2019,"74,61",verified_exact,opzh,https://fedstat.ru/indicator/31293
rosstat_opzh_regiony.csv,Центральный федеральный округ,2021,"71,08",verified_exact,opzh,https://fedstat.ru/indicator/31293
rosstat_opzh_regiony.csv,Белгородская область,2015,"72,63",verified_exact,opzh,https://fedstat.ru/indicator/31293
rosstat_opzh_regiony.csv,Белгородская область,2019,"74,26",verified_exact,opzh,https://fedstat.ru/indicator/31293
rosstat_opzh_regiony.csv,Белгородская область,2021,"70,72",verified_exact,opzh,https://fedstat.ru/indicator/31293
rosstat_opzh_regiony.csv,Брянская область,2015,"70,30",verified_exact,opzh,https://fedstat.ru/indicator/31293
rosstat_opzh_regiony.csv,Брянская область,2019,"72,14",verified_exact,opzh,https://fedstat.ru/indicator/31293
rosstat_opzh_regiony.csv,Брянская область,2021,"68,54",verified_exact,opzh,https://fedstat.ru/indicator/31293
rosstat_opzh_regiony.csv,Владимирская область,2015,"69,88",verified_exact,opzh,https://fedstat.ru/indicator/31293
rosstat_opzh_regiony.csv,Владимирская область,2019,"72,00",verified_exact,opzh,https://fedstat.ru/indicator/31293
rosstat_opzh_regiony.csv,Владимирская область,2021,"68,31",verified_exact,opzh,https://fedstat.ru/indicator/31293
rosstat_opzh_regiony.csv,Воронежская область,2015,"71,67",verified_exact,opzh,https://fedstat.ru/indicator/31293
rosstat_opzh_regiony.csv,Воронежская область,2019,"73,61",verified_exact,opzh,https://fedstat.ru/indicator/31293
rosstat_opzh_regiony.csv,Воронежская область,2021,"69,58",verified_exact,opzh,https://fedstat.ru/indicator/31293
rosstat_opzh_regiony.csv,Ивановская область,2015,"70,40",verified_exact,opzh,https://fedstat.ru/indicator/31293
rosstat_opzh_regiony.csv,Ивановская область,2019,"71,41",verified_exact,opzh,https://fedstat.ru/indicator/31293
rosstat_opzh_regiony.csv,Ивановская область,2021,"68,51",verified_exact,opzh,https://fedstat.ru/indicator/31293
rosstat_opzh_regiony.csv,Калужская область,2015,"70,95",verified_exact,opzh,https://fedstat.ru/indicator/31293
rosstat_opzh_regiony.csv,Калужская область,2019,"72,79",verified_exact,opzh,https://fedstat.ru/indicator/31293
rosstat_opzh_regiony.csv,Калужская область,2021,"69,78",verified_exact,opzh,https://fedstat.ru/indicator/31293
rosstat_opzh_regiony.csv,Костромская область,2015,"70,13",verified_exact,opzh,https://fedstat.ru/indicator/31293
rosstat_opzh_regiony.csv,Костромская область,2019,"71,83",verified_exact,opzh,https://fedstat.ru/indicator/31293
rosstat_opzh_regiony.csv,Костромская область,2021,"68,06",verified_exact,opzh,https://fedstat.ru/indicator/31293
rosstat_opzh_regiony.csv,Курская область,2015,"70,77",verified_exact,opzh,https://fedstat.ru/indicator/31293
rosstat_opzh_regiony.csv,Курская область,2019,"72,18",verified_exact,opzh,https://fedstat.ru/indicator/31293
rosstat_opzh_regiony.csv,Курская область,2021,"68,51",verified_exact,opzh,https://fedstat.ru/indicator/31293
rosstat_opzh_regiony.csv,Липецкая область,2015,"71,11",verified_exact,opzh,https://fedstat.ru/indicator/31293
rosstat_opzh_regiony.csv,Липецкая область,2019,"73,38",verified_exact,opzh,https://fedstat.ru/indicator/31293
rosstat_opzh_regiony.csv,Липецкая область,2021,"68,72",verified_exact,opzh,https://fedstat.ru/indicator/31293
rosstat_opzh_regiony.csv,Московская область,2015,"72,90",verified_exact,opzh,https://fedstat.ru/indicator/31293
rosstat_opzh_regiony.csv,Московская область,2019,"74,67",verified_exact,opzh,https://fedstat.ru/indicator/31293
rosstat_opzh_regiony.csv,Московская область,2021,"71,36",verified_exact,opzh,https://fedstat.ru/indicator/31293
rosstat_opzh_regiony.csv,Орловская область,2015,"70,34",verified_exact,opzh,https://fedstat.ru/indicator/31293
rosstat_opzh_regiony.csv,Орловская область,2019,"72,46",verified_exact,opzh,https://fedstat.ru/indicator/31293
rosstat_opzh_regiony.csv,Орловская область,2021,"68,90",verified_exact,opzh,https://fedstat.ru/indicator/31293
rosstat_opzh_regiony.csv,Рязанская область,2015,"71,48",verified_exact,opzh,https://fedstat.ru/indicator/31293
rosstat_opzh_regiony.csv,Рязанская область,2019,"73,22",verified_exact,opzh,https://fedstat.ru/indicator/31293
rosstat_opzh_regiony.csv,Рязанская область,2021,"68,78",verified_exact,opzh,https://fedstat.ru/indicator/31293
rosstat_opzh_regiony.csv,Смоленская область,2015,"69,64",verified_exact,opzh,https://fedstat.ru/indicator/31293
rosstat_opzh_regiony.csv,Смоленская область,2019,"71,66",verified_exact,opzh,https://fedstat.ru/indicator/31293
rosstat_opzh_regiony.csv,Смоленская область,2021,"67,72",verified_exact,opzh,https://fedstat.ru/indicator/31293
rosstat_opzh_regiony.csv,Тамбовская область,2015,"71,63",verified_exact,opzh,https://fedstat.ru/indicator/31293
rosstat_opzh_regiony.csv,Тамбовская область,2019,"73,43",verified_exact,opzh,https://fedstat.ru/indicator/31293
rosstat_opzh_regiony.csv,Тамбовская область,2021,"69,90",verified_exact,opzh,https://fedstat.ru/indicator/31293
rosstat_opzh_regiony.csv,Тверская область,2015,"69,09",verified_exact,opzh,https://fedstat.ru/indicator/31293
rosstat_opzh_regiony.csv,Тверская область,2019,"71,20",verified_exact,opzh,https://fedstat.ru/indicator/31293
rosstat_opzh_regiony.csv,Тверская область,2021,"67,88",verified_exact,opzh,https://fedstat.ru/indicator/31293
rosstat_opzh_regiony.csv,Тульская область,2015,"70,26",verified_exact,opzh,https://fedstat.ru/indicator/31293
rosstat_opzh_regiony.csv,Тульская область,2019,"72,58",verified_exact,opzh,https://fedstat.ru/indicator/31293
rosstat_opzh_regiony.csv,Тульская область,2021,"69,54",verified_exact,opzh,https://fedstat.ru/indicator/31293
rosstat_opzh_regiony.csv,Ярославская область,2015,"70,89",verified_exact,opzh,https://fedstat.ru/indicator/31293
rosstat_opzh_regiony.csv,Ярославская область,2019,"72,74",verified_exact,opzh,https://fedstat.ru/indicator/31293
rosstat_opzh_regiony.csv,Ярославская область,2021,"68,82",verified_exact,opzh,https://fedstat.ru/indicator/31293
rosstat_opzh_regiony.csv,г. Москва,2015,"76,45",verified_exact,opzh,https://fedstat.ru/indicator/31293
rosstat_opzh_regiony.csv,г. Москва,2019,"78,08",verified_exact,opzh,https://fedstat.ru/indicator/31293
rosstat_opzh_regiony.csv,г. Москва,2021,"74,60",verified_exact,opzh,https://fedstat.ru/indicator/31293
rosstat_opzh_regiony.csv,Северо-Западный федеральный округ,2015,"71,63",verified_exact,opzh,https://fedstat.ru/indicator/31293
rosstat_opzh_regiony.csv,Северо-Западный федеральный округ,2019,"73,61",verified_exact,opzh,https://fedstat.ru/indicator/31293
rosstat_opzh_regiony.csv,Северо-Западный федеральный округ,2021,"70,40",verified_exact,opzh,https://fedstat.ru/indicator/31293
rosstat_opzh_regiony.csv,Республика Карелия,2015,"68,72",verified_exact,opzh,https://fedstat.ru/indicator/31293
rosstat_opzh_regiony.csv,Республика Карелия,2019,"70,44",verified_exact,opzh,https://fedstat.ru/indicator/31293
rosstat_opzh_regiony.csv,Республика Карелия,2021,"66,08",verified_exact,opzh,https://fedstat.ru/indicator/31293
rosstat_opzh_regiony.csv,Республика Коми,2015,"69,14",verified_exact,opzh,https://fedstat.ru/indicator/31293
rosstat_opzh_regiony.csv,Республика Коми,2019,"70,78",verified_exact,opzh,https://fedstat.ru/indicator/31293
rosstat_opzh_regiony.csv,Республика Коми,2021,"67,55",verified_exact,opzh,https://fedstat.ru/indicator/31293
rosstat_opzh_regiony.csv,Архангельская область,2015,"70,34",verified_exact,opzh,https://fedstat.ru/indicator/31293
rosstat_opzh_regiony.csv,Архангельская область,2019,"71,56",verified_exact,opzh,https://fedstat.ru/indicator/31293
rosstat_opzh_regiony.csv,Архангельская область,2021,"68,68",verified_exact,opzh,https://fedstat.ru/indicator/31293
rosstat_opzh_regiony.csv,Ненецкий автономный округ,2015,"70,29",verified_exact,opzh,https://fedstat.ru/indicator/31293
rosstat_opzh_regiony.csv,Ненецкий автономный округ,2019,"72,55",verified_exact,opzh,https://fedstat.ru/indicator/31293
rosstat_opzh_regiony.csv,Ненецкий автономный округ,2021,"68,76",verified_exact,opzh,https://fedstat.ru/indicator/31293
rosstat_opzh_regiony.csv,Архангельская область без автономного округа,2015,"70,33",verified_exact,opzh,https://fedstat.ru/indicator/31293
rosstat_opzh_regiony.csv,Архангельская область без автономного округа,2019,"71,52",verified_exact,opzh,https://fedstat.ru/indicator/31293
rosstat_opzh_regiony.csv,Архангельская область без автономного округа,2021,"68,67",verified_exact,opzh,https://fedstat.ru/indicator/31293
rosstat_opzh_regiony.csv,Вологодская область,2015,"70,39",verified_exact,opzh,https://fedstat.ru/indicator/31293
rosstat_opzh_regiony.csv,Вологодская область,2019,"71,78",verified_exact,opzh,https://fedstat.ru/indicator/31293
rosstat_opzh_regiony.csv,Вологодская область,2021,"69,06",verified_exact,opzh,https://fedstat.ru/indicator/31293
rosstat_opzh_regiony.csv,Калининградская область,2015,"70,56",verified_exact,opzh,https://fedstat.ru/indicator/31293
rosstat_opzh_regiony.csv,Калининградская область,2019,"73,53",verified_exact,opzh,https://fedstat.ru/indicator/31293
rosstat_opzh_regiony.csv,Калининградская область,2021,"70,99",verified_exact,opzh,https://fedstat.ru/indicator/31293
rosstat_opzh_regiony.csv,Ленинградская область,2015,"71,36",verified_exact,opzh,https://fedstat.ru/indicator/31293
rosstat_opzh_regiony.csv,Ленинградская область,2019,"73,90",verified_exact,opzh,https://fedstat.ru/indicator/31293
rosstat_opzh_regiony.csv,Ленинградская область,2021,"70,70",verified_exact,opzh,https://fedstat.ru/indicator/31293
rosstat_opzh_regiony.csv,Мурманская область,2015,"69,90",verified_exact,opzh,https://fedstat.ru/indicator/31293
rosstat_opzh_regiony.csv,Мурманская область,2019,"71,04",verified_exact,opzh,https://fedstat.ru/indicator/31293
rosstat_opzh_regiony.csv,Мурманская область,2021,"67,37",verified_exact,opzh,https://fedstat.ru/indicator/31293
rosstat_opzh_regiony.csv,Новгородская область,2015,"68,63",verified_exact,opzh,https://fedstat.ru/indicator/31293
rosstat_opzh_regiony.csv,Новгородская область,2019,"70,33",verified_exact,opzh,https://fedstat.ru/indicator/31293
rosstat_opzh_regiony.csv,Новгородская область,2021,"67,48",verified_exact,opzh,https://fedstat.ru/indicator/31293
rosstat_opzh_regiony.csv,Псковская область,2015,"68,35",verified_exact,opzh,https://fedstat.ru/indicator/31293
rosstat_opzh_regiony.csv,Псковская область,2019,"70,38",verified_exact,opzh,https://fedstat.ru/indicator/31293
rosstat_opzh_regiony.csv,Псковская область,2021,"67,44",verified_exact,opzh,https://fedstat.ru/indicator/31293
rosstat_opzh_regiony.csv,г. Санкт-Петербург,2015,"74,42",verified_exact,opzh,https://fedstat.ru/indicator/31293
rosstat_opzh_regiony.csv,г. Санкт-Петербург,2019,"76,38",verified_exact,opzh,https://fedstat.ru/indicator/31293
rosstat_opzh_regiony.csv,г. Санкт-Петербург,2021,"72,89",verified_exact,opzh,https://fedstat.ru/indicator/31293
rosstat_opzh_regiony.csv,Южный федеральный округ,2015,"71,91",verified_exact,opzh,https://fedstat.ru/indicator/31293
rosstat_opzh_regiony.csv,Южный федеральный округ,2019,"73,77",verified_exact,opzh,https://fedstat.ru/indicator/31293
rosstat_opzh_regiony.csv,Южный федеральный округ,2021,"70,32",verified_exact,opzh,https://fedstat.ru/indicator/31293
rosstat_opzh_regiony.csv,Республика Адыгея,2015,"72,40",verified_exact,opzh,https://fedstat.ru/indicator/31293
rosstat_opzh_regiony.csv,Республика Адыгея,2019,"74,13",verified_exact,opzh,https://fedstat.ru/indicator/31293
rosstat_opzh_regiony.csv,Республика Адыгея,2021,"71,70",verified_exact,opzh,https://fedstat.ru/indicator/31293
rosstat_opzh_regiony.csv,Республика Калмыкия,2015,"72,02",verified_exact,opzh,https://fedstat.ru/indicator/31293
rosstat_opzh_regiony.csv,Республика Калмыкия,2019,"74,54",verified_exact,opzh,https://fedstat.ru/indicator/31293
rosstat_opzh_regiony.csv,Республика Калмыкия,2021,"71,15",verified_exact,opzh,https://fedstat.ru/indicator/31293
rosstat_opzh_regiony.csv,Республика Крым,2015,"70,50",verified_exact,opzh,https://fedstat.ru/indicator/31293
rosstat_opzh_regiony.csv,Республика Крым,2019,"72,74",verified_exact,opzh,https://fedstat.ru/indicator/31293
rosstat_opzh_regiony.csv,Республика Крым,2021,"69,75",verified_exact,opzh,https://fedstat.ru/indicator/31293
rosstat_opzh_regiony.csv,Краснодарский край,2015,"72,60",verified_exact,opzh,https://fedstat.ru/indicator/31293
rosstat_opzh_regiony.csv,Краснодарский край,2019,"74,05",verified_exact,opzh,https://fedstat.ru/indicator/31293
rosstat_opzh_regiony.csv,Краснодарский край,2021,"70,77",verified_exact,opzh,https://fedstat.ru/indicator/31293
rosstat_opzh_regiony.csv,Астраханская область,2015,"70,98",verified_exact,opzh,https://fedstat.ru/indicator/31293
rosstat_opzh_regiony.csv,Астраханская область,2019,"72,95",verified_exact,opzh,https://fedstat.ru/indicator/31293
rosstat_opzh_regiony.csv,Астраханская область,2021,"69,14",verified_exact,opzh,https://fedstat.ru/indicator/31293
rosstat_opzh_regiony.csv,Волгоградская область,2015,"72,00",verified_exact,opzh,https://fedstat.ru/indicator/31293
rosstat_opzh_regiony.csv,Волгоградская область,2019,"74,11",verified_exact,opzh,https://fedstat.ru/indicator/31293
rosstat_opzh_regiony.csv,Волгоградская область,2021,"70,11",verified_exact,opzh,https://fedstat.ru/indicator/31293
rosstat_opzh_regiony.csv,Ростовская область,2015,"71,90",verified_exact,opzh,https://fedstat.ru/indicator/31293
rosstat_opzh_regiony.csv,Ростовская область,2019,"73,66",verified_exact,opzh,https://fedstat.ru/indicator/31293
rosstat_opzh_regiony.csv,Ростовская область,2021,"69,87",verified_exact,opzh,https://fedstat.ru/indicator/31293
rosstat_opzh_regiony.csv,г. Севастополь,2015,"70,76",verified_exact,opzh,https://fedstat.ru/indicator/31293
rosstat_opzh_regiony.csv,г. Севастополь,2019,"74,75",verified_exact,opzh,https://fedstat.ru/indicator/31293
rosstat_opzh_regiony.csv,г. Севастополь,2021,"72,65",verified_exact,opzh,https://fedstat.ru/indicator/31293
rosstat_opzh_regiony.csv,Северо-Кавказский федеральный округ,2015,"74,54",verified_exact,opzh,https://fedstat.ru/indicator/31293
rosstat_opzh_regiony.csv,Северо-Кавказский федеральный округ,2019,"76,42",verified_exact,opzh,https://fedstat.ru/indicator/31293
rosstat_opzh_regiony.csv,Северо-Кавказский федеральный округ,2021,"73,60",verified_exact,opzh,https://fedstat.ru/indicator/31293
rosstat_opzh_regiony.csv,Республика Дагестан,2015,"76,34",verified_exact,opzh,https://fedstat.ru/indicator/31293
rosstat_opzh_regiony.csv,Республика Дагестан,2019,"79,03",verified_exact,opzh,https://fedstat.ru/indicator/31293
rosstat_opzh_regiony.csv,Республика Дагестан,2021,"76,28",verified_exact,opzh,https://fedstat.ru/indicator/31293
rosstat_opzh_regiony.csv,Республика Ингушетия,2015,"78,47",verified_exact,opzh,https://fedstat.ru/indicator/31293
rosstat_opzh_regiony.csv,Республика Ингушетия,2019,"79,64",verified_exact,opzh,https://fedstat.ru/indicator/31293
rosstat_opzh_regiony.csv,Республика Ингушетия,2021,"75,77",verified_exact,opzh,https://fedstat.ru/indicator/31293
rosstat_opzh_regiony.csv,Кабардино-Балкарская Республика,2015,"74,54",verified_exact,opzh,https://fedstat.ru/indicator/31293
rosstat_opzh_regiony.csv,Кабардино-Балкарская Республика,2019,"76,20",verified_exact,opzh,https://fedstat.ru/indicator/31293
rosstat_opzh_regiony.csv,Кабардино-Балкарская Республика,2021,"73,58",verified_exact,opzh,https://fedstat.ru/indicator/31293
rosstat_opzh_regiony.csv,Карачаево-Черкесская Республика,2015,"74,26",verified_exact,opzh,https://fedstat.ru/indicator/31293
rosstat_opzh_regiony.csv,Карачаево-Черкесская Республика,2019,"75,70",verified_exact,opzh,https://fedstat.ru/indicator/31293
rosstat_opzh_regiony.csv,Карачаево-Черкесская Республика,2021,"72,95",verified_exact,opzh,https://fedstat.ru/indicator/31293
rosstat_opzh_regiony.csv,Республика Северная Осетия – Алания,2015,"74,03",verified_exact,opzh,https://fedstat.ru/indicator/31293
rosstat_opzh_regiony.csv,Республика Северная Осетия – Алания,2019,"75,39",verified_exact,opzh,https://fedstat.ru/indicator/31293
rosstat_opzh_regiony.csv,Республика Северная Осетия – Алания,2021,"72,30",verified_exact,opzh,https://fedstat.ru/indicator/31293
rosstat_opzh_regiony.csv,Чеченская Республика,2015,"73,33",verified_exact,opzh,https://fedstat.ru/indicator/31293
rosstat_opzh_regiony.csv,Чеченская Республика,2019,"75,53",verified_exact,opzh,https://fedstat.ru/indicator/31293
rosstat_opzh_regiony.csv,Чеченская Республика,2021,"72,71",verified_exact,opzh,https://fedstat.ru/indicator/31293
rosstat_opzh_regiony.csv,Ставропольский край,2015,"73,42",verified_exact,opzh,https://fedstat.ru/indicator/31293
rosstat_opzh_regiony.csv,Ставропольский край,2019,"74,77",verified_exact,opzh,https://fedstat.ru/indicator/31293
rosstat_opzh_regiony.csv,Ставропольский край,2021,"71,97",verified_exact,opzh,https://fedstat.ru/indicator/31293
rosstat_opzh_regiony.csv,Приволжский федеральный округ,2015,"70,71",verified_exact,opzh,https://fedstat.ru/indicator/31293
rosstat_opzh_regiony.csv,Приволжский федеральный округ,2019,"72,94",verified_exact,opzh,https://fedstat.ru/indicator/31293
rosstat_opzh_regiony.csv,Приволжский федеральный округ,2021,"69,56",verified_exact,opzh,https://fedstat.ru/indicator/31293
rosstat_opzh_regiony.csv,Республика Башкортостан,2015,"70,19",verified_exact,opzh,https://fedstat.ru/indicator/31293
rosstat_opzh_regiony.csv,Республика Башкортостан,2019,"72,82",verified_exact,opzh,https://fedstat.ru/indicator/31293
rosstat_opzh_regiony.csv,Республика Башкортостан,2021,"69,80",verified_exact,opzh,https://fedstat.ru/indicator/31293
rosstat_opzh_regiony.csv,Республика Марий Эл,2015,"69,84",verified_exact,opzh,https://fedstat.ru/indicator/31293
rosstat_opzh_regiony.csv,Республика Марий Эл,2019,"72,95",verified_exact,opzh,https://fedstat.ru/indicator/31293
rosstat_opzh_regiony.csv,Республика Марий Эл,2021,"69,59",verified_exact,opzh,https://fedstat.ru/indicator/31293
rosstat_opzh_regiony.csv,Республика Мордовия,2015,"72,14",verified_exact,opzh,https://fedstat.ru/indicator/31293
rosstat_opzh_regiony.csv,Республика Мордовия,2019,"74,14",verified_exact,opzh,https://fedstat.ru/indicator/31293
rosstat_opzh_regiony.csv,Республика Мордовия,2021,"70,57",verified_exact,opzh,https://fedstat.ru/indicator/31293
rosstat_opzh_regiony.csv,Республика Татарстан,2015,"72,92",verified_exact,opzh,https://fedstat.ru/indicator/31293
rosstat_opzh_regiony.csv,Республика Татарстан,2019,"75,24",verified_exact,opzh,https://fedstat.ru/indicator/31293
rosstat_opzh_regiony.csv,Республика Татарстан,2021,"71,66",verified_exact,opzh,https://fedstat.ru/indicator/31293
rosstat_opzh_regiony.csv,Удмуртская Республика,2015,"70,35",verified_exact,opzh,https://fedstat.ru/indicator/31293
rosstat_opzh_regiony.csv,Удмуртская Республика,2019,"72,55",verified_exact,opzh,https://fedstat.ru/indicator/31293
rosstat_opzh_regiony.csv,Удмуртская Республика,2021,"69,68",verified_exact,opzh,https://fedstat.ru/indicator/31293
rosstat_opzh_regiony.csv,Чувашская Республика,2015,"71,29",verified_exact,opzh,https://fedstat.ru/indicator/31293
rosstat_opzh_regiony.csv,Чувашская Республика,2019,"73,34",verified_exact,opzh,https://fedstat.ru/indicator/31293
rosstat_opzh_regiony.csv,Чувашская Республика,2021,"69,87",verified_exact,opzh,https://fedstat.ru/indicator/31293
rosstat_opzh_regiony.csv,Пермский край,2015,"69,06",verified_exact,opzh,https://fedstat.ru/indicator/31293
rosstat_opzh_regiony.csv,Пермский край,2019,"71,25",verified_exact,opzh,https://fedstat.ru/indicator/31293
rosstat_opzh_regiony.csv,Пермский край,2021,"68,45",verified_exact,opzh,https://fedstat.ru/indicator/31293
rosstat_opzh_regiony.csv,Кировская область,2015,"70,88",verified_exact,opzh,https://fedstat.ru/indicator/31293
rosstat_opzh_regiony.csv,Кировская область,2019,"72,48",verified_exact,opzh,https://fedstat.ru/indicator/31293
rosstat_opzh_regiony.csv,Кировская область,2021,"69,08",verified_exact,opzh,https://fedstat.ru/indicator/31293
rosstat_opzh_regiony.csv,Нижегородская область,2015,"70,11",verified_exact,opzh,https://fedstat.ru/indicator/31293
rosstat_opzh_regiony.csv,Нижегородская область,2019,"72,19",verified_exact,opzh,https://fedstat.ru/indicator/31293
rosstat_opzh_regiony.csv,Нижегородская область,2021,"68,81",verified_exact,opzh,https://fedstat.ru/indicator/31293
rosstat_opzh_regiony.csv,Оренбургская область,2015,"69,50",verified_exact,opzh,https://fedstat.ru/indicator/31293
rosstat_opzh_regiony.csv,Оренбургская область,2019,"71,81",verified_exact,opzh,https://fedstat.ru/indicator/31293
rosstat_opzh_regiony.csv,Оренбургская область,2021,"67,96",verified_exact,opzh,https://fedstat.ru/indicator/31293
rosstat_opzh_regiony.csv,Пензенская область,2015,"72,00",verified_exact,opzh,https://fedstat.ru/indicator/31293
rosstat_opzh_regiony.csv,Пензенская область,2019,"73,35",verified_exact,opzh,https://fedstat.ru/indicator/31293
rosstat_opzh_regiony.csv,Пензенская область,2021,"69,77",verified_exact,opzh,https://fedstat.ru/indicator/31293
rosstat_opzh_regiony.csv,Самарская область,2015,"70,40",verified_exact,opzh,https://fedstat.ru/indicator/31293
rosstat_opzh_regiony.csv,Самарская область,2019,"72,84",verified_exact,opzh,https://fedstat.ru/indicator/31293
rosstat_opzh_regiony.csv,Самарская область,2021,"69,48",verified_exact,opzh,https://fedstat.ru/indicator/31293
rosstat_opzh_regiony.csv,Саратовская область,2015,"71,50",verified_exact,opzh,https://fedstat.ru/indicator/31293
rosstat_opzh_regiony.csv,Саратовская область,2019,"73,28",verified_exact,opzh,https://fedstat.ru/indicator/31293
rosstat_opzh_regiony.csv,Саратовская область,2021,"69,46",verified_exact,opzh,https://fedstat.ru/indicator/31293
rosstat_opzh_regiony.csv,Ульяновская область,2015,"70,36",verified_exact,opzh,https://fedstat.ru/indicator/31293
rosstat_opzh_regiony.csv,Ульяновская область,2019,"72,76",verified_exact,opzh,https://fedstat.ru/indicator/31293
rosstat_opzh_regiony.csv,Ульяновская область,2021,"68,87",verified_exact,opzh,https://fedstat.ru/indicator/31293
rosstat_opzh_regiony.csv,Уральский федеральный округ,2015,"70,39",verified_exact,opzh,https://fedstat.ru/indicator/31293
rosstat_opzh_regiony.csv,Уральский федеральный округ,2019,"72,54",verified_exact,opzh,https://fedstat.ru/indicator/31293
rosstat_opzh_regiony.csv,Уральский федеральный округ,2021,"69,66",verified_exact,opzh,https://fedstat.ru/indicator/31293
rosstat_opzh_regiony.csv,Курганская область,2015,"68,85",verified_exact,opzh,https://fedstat.ru/indicator/31293
rosstat_opzh_regiony.csv,Курганская область,2019,"70,75",verified_exact,opzh,https://fedstat.ru/indicator/31293
rosstat_opzh_regiony.csv,Курганская область,2021,"67,82",verified_exact,opzh,https://fedstat.ru/indicator/31293
rosstat_opzh_regiony.csv,Свердловская область,2015,"69,82",verified_exact,opzh,https://fedstat.ru/indicator/31293
rosstat_opzh_regiony.csv,Свердловская область,2019,"71,79",verified_exact,opzh,https://fedstat.ru/indicator/31293
rosstat_opzh_regiony.csv,Свердловская область,2021,"68,79",verified_exact,opzh,https://fedstat.ru/indicator/31293
rosstat_opzh_regiony.csv,Тюменская область,2015,"71,91",verified_exact,opzh,https://fedstat.ru/indicator/31293
rosstat_opzh_regiony.csv,Тюменская область,2019,"74,37",verified_exact,opzh,https://fedstat.ru/indicator/31293
rosstat_opzh_regiony.csv,Тюменская область,2021,"71,69",verified_exact,opzh,https://fedstat.ru/indicator/31293
rosstat_opzh_regiony.csv,Ханты-Мансийский автономный округ – Югра,2015,"72,62",verified_exact,opzh,https://fedstat.ru/indicator/31293
rosstat_opzh_regiony.csv,Ханты-Мансийский автономный округ – Югра,2019,"75,11",verified_exact,opzh,https://fedstat.ru/indicator/31293
rosstat_opzh_regiony.csv,Ханты-Мансийский автономный округ – Югра,2021,"72,16",verified_exact,opzh,https://fedstat.ru/indicator/31293
rosstat_opzh_regiony.csv,Ямало-Ненецкий автономный округ,2015,"71,61",verified_exact,opzh,https://fedstat.ru/indicator/31293
rosstat_opzh_regiony.csv,Ямало-Ненецкий автономный округ,2019,"74,21",verified_exact,opzh,https://fedstat.ru/indicator/31293
rosstat_opzh_regiony.csv,Ямало-Ненецкий автономный округ,2021,"71,78",verified_exact,opzh,https://fedstat.ru/indicator/31293
rosstat_opzh_regiony.csv,Тюменская область без автономных округов,2015,"70,91",verified_exact,opzh,https://fedstat.ru/indicator/31293
rosstat_opzh_regiony.csv,Тюменская область без автономных округов,2019,"73,41",verified_exact,opzh,https://fedstat.ru/indicator/31293
rosstat_opzh_regiony.csv,Тюменская область без автономных округов,2021,"70,96",verified_exact,opzh,https://fedstat.ru/indicator/31293
rosstat_opzh_regiony.csv,Челябинская область,2015,"69,90",verified_exact,opzh,https://fedstat.ru/indicator/31293
rosstat_opzh_regiony.csv,Челябинская область,2019,"72,08",verified_exact,opzh,https://fedstat.ru/indicator/31293
rosstat_opzh_regiony.csv,Челябинская область,2021,"69,17",verified_exact,opzh,https://fedstat.ru/indicator/31293
rosstat_opzh_regiony.csv,Сибирский федеральный округ,2015,"69,41",verified_exact,opzh,https://fedstat.ru/indicator/31293
rosstat_opzh_regiony.csv,Сибирский федеральный округ,2019,"71,06",verified_exact,opzh,https://fedstat.ru/indicator/31293
rosstat_opzh_regiony.csv,Сибирский федеральный округ,2021,"68,25",verified_exact,opzh,https://fedstat.ru/indicator/31293
rosstat_opzh_regiony.csv,Республика Алтай,2015,"68,19",verified_exact,opzh,https://fedstat.ru/indicator/31293
rosstat_opzh_regiony.csv,Республика Алтай,2019,"69,78",verified_exact,opzh,https://fedstat.ru/indicator/31293
rosstat_opzh_regiony.csv,Республика Алтай,2021,"67,22",verified_exact,opzh,https://fedstat.ru/indicator/31293
rosstat_opzh_regiony.csv,Республика Тыва,2015,"63,14",verified_exact,opzh,https://fedstat.ru/indicator/31293
rosstat_opzh_regiony.csv,Республика Тыва,2019,"67,50",verified_exact,opzh,https://fedstat.ru/indicator/31293
rosstat_opzh_regiony.csv,Республика Тыва,2021,"66,81",verified_exact,opzh,https://fedstat.ru/indicator/31293
rosstat_opzh_regiony.csv,Республика Хакасия,2015,"68,72",verified_exact,opzh,https://fedstat.ru/indicator/31293
rosstat_opzh_regiony.csv,Республика Хакасия,2019,"71,10",verified_exact,opzh,https://fedstat.ru/indicator/31293
rosstat_opzh_regiony.csv,Республика Хакасия,2021,"68,62",verified_exact,opzh,https://fedstat.ru/indicator/31293
rosstat_opzh_regiony.csv,Алтайский край,2015,"70,13",verified_exact,opzh,https://fedstat.ru/indicator/31293
rosstat_opzh_regiony.csv,Алтайский край,2019,"70,92",verified_exact,opzh,https://fedstat.ru/indicator/31293
rosstat_opzh_regiony.csv,Алтайский край,2021,"67,79",verified_exact,opzh,https://fedstat.ru/indicator/31293
rosstat_opzh_regiony.csv,Красноярский край,2015,"69,72",verified_exact,opzh,https://fedstat.ru/indicator/31293
rosstat_opzh_regiony.csv,Красноярский край,2019,"71,23",verified_exact,opzh,https://fedstat.ru/indicator/31293
rosstat_opzh_regiony.csv,Красноярский край,2021,"68,45",verified_exact,opzh,https://fedstat.ru/indicator/31293
rosstat_opzh_regiony.csv,Иркутская область,2015,"67,46",verified_exact,opzh,https://fedstat.ru/indicator/31293
rosstat_opzh_regiony.csv,Иркутская область,2019,"69,73",verified_exact,opzh,https://fedstat.ru/indicator/31293
rosstat_opzh_regiony.csv,Иркутская область,2021,"67,01",verified_exact,opzh,https://fedstat.ru/indicator/31293
rosstat_opzh_regiony.csv,Кемеровская область,2015,"68,27",verified_exact,opzh,https://fedstat.ru/indicator/31293
rosstat_opzh_regiony.csv,Кемеровская область,2019,"69,69",verified_exact,opzh,https://fedstat.ru/indicator/31293
rosstat_opzh_regiony.csv,Кемеровская область,2021,"67,54",verified_exact,opzh,https://fedstat.ru/indicator/31293
rosstat_opzh_regiony.csv,Новосибирская область,2015,"70,91",verified_exact,opzh,https://fedstat.ru/indicator/31293
rosstat_opzh_regiony.csv,Новосибирская область,2019,"72,37",verified_exact,opzh,https://fedstat.ru/indicator/31293
rosstat_opzh_regiony.csv,Новосибирская область,2021,"69,35",verified_exact,opzh,https://fedstat.ru/indicator/31293
rosstat_opzh_regiony.csv,Омская область,2015,"70,39",verified_exact,opzh,https://fedstat.ru/indicator/31293
rosstat_opzh_regiony.csv,Омская область,2019,"72,29",verified_exact,opzh,https://fedstat.ru/indicator/31293
rosstat_opzh_regiony.csv,Омская область,2021,"68,98",verified_exact,opzh,https://fedstat.ru/indicator/31293
rosstat_opzh_regiony.csv,Томская область,2015,"71,29",verified_exact,opzh,https://fedstat.ru/indicator/31293
rosstat_opzh_regiony.csv,Томская область,2019,"72,93",verified_exact,opzh,https://fedstat.ru/indicator/31293
rosstat_opzh_regiony.csv,Томская область,2021,"69,86",verified_exact,opzh,https://fedstat.ru/indicator/31293
rosstat_opzh_regiony.csv,Дальневосточный федеральный округ,2015,"68,48",verified_exact,opzh,https://fedstat.ru/indicator/31293
rosstat_opzh_regiony.csv,Дальневосточный федеральный округ,2019,"70,08",verified_exact,opzh,https://fedstat.ru/indicator/31293
rosstat_opzh_regiony.csv,Дальневосточный федеральный округ,2021,"67,95",verified_exact,opzh,https://fedstat.ru/indicator/31293
rosstat_opzh_regiony.csv,Республика Бурятия,2015,"69,10",verified_exact,opzh,https://fedstat.ru/indicator/31293
rosstat_opzh_regiony.csv,Республика Бурятия,2019,"70,71",verified_exact,opzh,https://fedstat.ru/indicator/31293
rosstat_opzh_regiony.csv,Республика Бурятия,2021,"68,87",verified_exact,opzh,https://fedstat.ru/indicator/31293
rosstat_opzh_regiony.csv,Республика Саха (Якутия),2015,"70,23",verified_exact,opzh,https://fedstat.ru/indicator/31293
rosstat_opzh_regiony.csv,Республика Саха (Якутия),2019,"72,82",verified_exact,opzh,https://fedstat.ru/indicator/31293
rosstat_opzh_regiony.csv,Республика Саха (Якутия),2021,"69,82",verified_exact,opzh,https://fedstat.ru/indicator/31293
rosstat_opzh_regiony.csv,Забайкальский край,2015,"67,15",verified_exact,opzh,https://fedstat.ru/indicator/31293
rosstat_opzh_regiony.csv,Забайкальский край,2019,"68,49",verified_exact,opzh,https://fedstat.ru/indicator/31293
rosstat_opzh_regiony.csv,Забайкальский край,2021,"66,37",verified_exact,opzh,https://fedstat.ru/indicator/31293
rosstat_opzh_regiony.csv,Камчатский край,2015,"68,23",verified_exact,opzh,https://fedstat.ru/indicator/31293
rosstat_opzh_regiony.csv,Камчатский край,2019,"69,91",verified_exact,opzh,https://fedstat.ru/indicator/31293
rosstat_opzh_regiony.csv,Камчатский край,2021,"67,30",verified_exact,opzh,https://fedstat.ru/indicator/31293
rosstat_opzh_regiony.csv,Приморский край,2015,"69,14",verified_exact,opzh,https://fedstat.ru/indicator/31293
rosstat_opzh_regiony.csv,Приморский край,2019,"70,42",verified_exact,opzh,https://fedstat.ru/indicator/31293
rosstat_opzh_regiony.csv,Приморский край,2021,"68,53",verified_exact,opzh,https://fedstat.ru/indicator/31293
rosstat_opzh_regiony.csv,Хабаровский край,2015,"68,78",verified_exact,opzh,https://fedstat.ru/indicator/31293
rosstat_opzh_regiony.csv,Хабаровский край,2019,"70,21",verified_exact,opzh,https://fedstat.ru/indicator/31293
rosstat_opzh_regiony.csv,Хабаровский край,2021,"68,05",verified_exact,opzh,https://fedstat.ru/indicator/31293
rosstat_opzh_regiony.csv,Амурская область,2015,"67,15",verified_exact,opzh,https://fedstat.ru/indicator/31293
rosstat_opzh_regiony.csv,Амурская область,2019,"68,42",verified_exact,opzh,https://fedstat.ru/indicator/31293
rosstat_opzh_regiony.csv,Амурская область,2021,"66,10",verified_exact,opzh,https://fedstat.ru/indicator/31293
rosstat_opzh_regiony.csv,Магаданская область,2015,"67,93",verified_exact,opzh,https://fedstat.ru/indicator/31293
rosstat_opzh_regiony.csv,Магаданская область,2019,"69,23",verified_exact,opzh,https://fedstat.ru/indicator/31293
rosstat_opzh_regiony.csv,Магаданская область,2021,"66,98",verified_exact,opzh,https://fedstat.ru/indicator/31293
rosstat_opzh_regiony.csv,Сахалинская область,2015,"67,95",verified_exact,opzh,https://fedstat.ru/indicator/31293
rosstat_opzh_regiony.csv,Сахалинская область,2019,"70,39",verified_exact,opzh,https://fedstat.ru/indicator/31293
rosstat_opzh_regiony.csv,Сахалинская область,2021,"68,49",verified_exact,opzh,https://fedstat.ru/indicator/31293
rosstat_opzh_regiony.csv,Еврейская автономная область,2015,"64,92",verified_exact,opzh,https://fedstat.ru/indicator/31293
rosstat_opzh_regiony.csv,Еврейская автономная область,2019,"67,91",verified_exact,opzh,https://fedstat.ru/indicator/31293
rosstat_opzh_regiony.csv,Еврейская автономная область,2021,"65,96",verified_exact,opzh,https://fedstat.ru/indicator/31293
rosstat_opzh_regiony.csv,Чукотский автономный округ,2015,"63,91",verified_exact,opzh,https://fedstat.ru/indicator/31293
rosstat_opzh_regiony.csv,Чукотский автономный округ,2019,"67,26",verified_exact,opzh,https://fedstat.ru/indicator/31293
rosstat_opzh_regiony.csv,Чукотский автономный округ,2021,"64,00",verified_exact,opzh,https://fedstat.ru/indicator/31293
