key,year,original,official,match
"Ожидаемая продолжительность жизни при рождении, все население",2015,71.39,71.38,False
"Ожидаемая продолжительность жизни при рождении, мужчины",2015,65.92,65.95,False
"Ожидаемая продолжительность жизни при рождении, женщины",2015,76.71,76.67,False
"Ожидаемая продолжительность жизни при рождении, все население",2016,71.87,71.87,True
"Ожидаемая продолжительность жизни при рождении, мужчины",2016,66.5,66.54,False
"Ожидаемая продолжительность жизни при рождении, женщины",2016,77.06,77.01,False
"Ожидаемая продолжительность жизни при рождении, все население",2017,72.7,72.7,True
"Ожидаемая продолжительность жизни при рождении, мужчины",2017,67.51,67.56,False
"Ожидаемая продолжительность жизни при рождении, женщины",2017,77.64,77.58,False
"Ожидаемая продолжительность жизни при рождении, все население",2018,72.91,72.91,True
"Ожидаемая продолжительность жизни при рождении, мужчины",2018,67.75,67.82,False
"Ожидаемая продолжительность жизни при рождении, женщины",2018,77.82,77.74,False
"Ожидаемая продолжительность жизни при рождении, все население",2019,73.34,73.34,True
"Ожидаемая продолжительность жизни при рождении, мужчины",2019,68.24,68.33,False
"Ожидаемая продолжительность жизни при рождении, женщины",2019,78.17,78.09,False
"Ожидаемая продолжительность жизни при рождении, все население",2020,71.54,71.58,False
"Ожидаемая продолжительность жизни при рождении, мужчины",2020,66.49,66.65,False
"Ожидаемая продолжительность жизни при рождении, женщины",2020,76.43,76.38,False
"Ожидаемая продолжительность жизни при рождении, все население",2021,70.06,70.15,False
"Ожидаемая продолжительность жизни при рождении, мужчины",2021,65.51,65.69,False
"Ожидаемая продолжительность жизни при рождении, женщины",2021,74.51,74.5,False
"Ожидаемая продолжительность жизни при рождении, все население",2022,72.73,72.73,True
"Ожидаемая продолжительность жизни при рождении, мужчины",2022,67.57,67.57,True
"Ожидаемая продолжительность жизни при рождении, женщины",2022,77.77,77.77,True
"Ожидаемая продолжительность жизни при рождении, все население",2023,73.41,73.41,True
"Ожидаемая продолжительность жизни при рождении, мужчины",2023,68.04,68.04,True
"Ожидаемая продолжительность жизни при рождении, женщины",2023,78.74,78.74,True
