subject,fedstat_key,year,original,official,match
Российская Федерация,643 Российская Федерация,2015,"71,39",71.38,False
Российская Федерация,643 Российская Федерация,2019,"73,34",73.34,True
Российская Федерация,643 Российская Федерация,2021,"70,06",70.15,False
Центральный федеральный округ,030 Центральный федеральный округ,2015,"72,72",72.76,False
Центральный федеральный округ,030 Центральный федеральный округ,2019,"74,54",74.61,False
Центральный федеральный округ,030 Центральный федеральный округ,2021,"70,85",71.08,False
Белгородская область,14000000000 Белгородская область,2015,"72,61",72.63,False
Белгородская область,14000000000 Белгородская область,2019,"74,21",74.26,False
Белгородская область,14000000000 Белгородская область,2021,"70,67",70.72,False
Брянская область,15000000000 Брянская область,2015,"70,36",70.3,False
Брянская область,15000000000 Брянская область,2019,"72,31",72.14,False
Брянская область,15000000000 Брянская область,2021,"68,67",68.54,False
Владимирская область,17000000000 Владимирская область,2015,"69,82",69.88,False
Владимирская область,17000000000 Владимирская область,2019,"71,87",72.0,False
Владимирская область,17000000000 Владимирская область,2021,"68,11",68.31,False
Воронежская область,20000000000 Воронежская область,2015,"71,67",71.67,True
Воронежская область,20000000000 Воронежская область,2019,"73,63",73.61,False
Воронежская область,20000000000 Воронежская область,2021,"69,49",69.58,False
Ивановская область,24000000000 Ивановская область,2015,"70,62",70.4,False
Ивановская область,24000000000 Ивановская область,2019,"71,84",71.41,False
Ивановская область,24000000000 Ивановская область,2021,"69,02",68.51,False
Калужская область,29000000000 Калужская область,2015,"70,73",70.95,False
Калужская область,29000000000 Калужская область,2019,"72,35",72.79,False
Калужская область,29000000000 Калужская область,2021,"69,16",69.78,False
Костромская область,34000000000 Костромская область,2015,"70,38",70.13,False
Костромская область,34000000000 Костромская область,2019,"72,35",71.83,False
Костромская область,34000000000 Костромская область,2021,"68,78",68.06,False
Курская область,38000000000 Курская область,2015,"70,80",70.77,False
Курская область,38000000000 Курская область,2019,"72,27",72.18,False
Курская область,38000000000 Курская область,2021,"68,56",68.51,False
Липецкая область,42000000000 Липецкая область,2015,"71,07",71.11,False
Липецкая область,42000000000 Липецкая область,2019,"73,34",73.38,False
Липецкая область,42000000000 Липецкая область,2021,"68,58",68.72,False
Московская область,46000000000 Московская область,2015,"72,26",72.9,False
Московская область,46000000000 Московская область,2019,"73,86",74.67,False
Московская область,46000000000 Московская область,2021,"70,35",71.36,False
Орловская область,54000000000 Орловская область,2015,"70,38",70.34,False
Орловская область,54000000000 Орловская область,2019,"72,56",72.46,False
Орловская область,54000000000 Орловская область,2021,"68,97",68.9,False
Рязанская область,61000000000 Рязанская область,2015,"71,46",71.48,False
Рязанская область,61000000000 Рязанская область,2019,"73,20",73.22,False
Рязанская область,61000000000 Рязанская область,2021,"68,61",68.78,False
Смоленская область,66000000000 Смоленская область,2015,"69,74",69.64,False
Смоленская область,66000000000 Смоленская область,2019,"71,89",71.66,False
Смоленская область,66000000000 Смоленская область,2021,"68,00",67.72,False
Тамбовская область,68000000000 Тамбовская область,2015,"71,67",71.63,False
Тамбовская область,68000000000 Тамбовская область,2019,"73,56",73.43,False
Тамбовская область,68000000000 Тамбовская область,2021,"69,88",69.9,False
Тверская область,28000000000 Тверская область,2015,"69,10",69.09,False
Тверская область,28000000000 Тверская область,2019,"71,24",71.2,False
Тверская область,28000000000 Тверская область,2021,"67,87",67.88,False
Тульская область,70000000000 Тульская область,2015,"70,06",70.26,False
Тульская область,70000000000 Тульская область,2019,"72,21",72.58,False
Тульская область,70000000000 Тульская область,2021,"68,97",69.54,False
Ярославская область,78000000000 Ярославская область,2015,"70,98",70.89,False
Ярославская область,78000000000 Ярославская область,2019,"72,92",72.74,False
Ярославская область,78000000000 Ярославская область,2021,"69,07",68.82,False
г. Москва,45000000000 Город Москва столица Российской Федерации город федерального значения,2015,"76,77",76.45,False
г. Москва,45000000000 Город Москва столица Российской Федерации город федерального значения,2019,"78,36",78.08,False
г. Москва,45000000000 Город Москва столица Российской Федерации город федерального значения,2021,"74,55",74.6,False
Северо-Западный федеральный округ,031 Северо-Западный федеральный округ,2015,"71,70",71.63,False
Северо-Западный федеральный округ,031 Северо-Западный федеральный округ,2019,"73,72",73.61,False
Северо-Западный федеральный округ,031 Северо-Западный федеральный округ,2021,"70,37",70.4,False
Республика Карелия,86000000000 Республика Карелия,2015,"69,16",68.72,False
Республика Карелия,86000000000 Республика Карелия,2019,"71,46",70.44,False
Республика Карелия,86000000000 Республика Карелия,2021,"67,31",66.08,False
Республика Коми,87000000000 Республика Коми,2015,"69,40",69.14,False
Республика Коми,87000000000 Республика Коми,2019,"71,30",70.78,False
Республика Коми,87000000000 Республика Коми,2021,"68,32",67.55,False
Архангельская область,11000000000 Архангельская область,2015,"70,71",70.34,False
Архангельская область,11000000000 Архангельская область,2019,"72,34",71.56,False
Архангельская область,11000000000 Архангельская область,2021,"69,60",68.68,False
Ненецкий автономный округ,11100000000 Ненецкий автономный округ (Архангельская область),2015,"71,00",70.29,False
Ненецкий автономный округ,11100000000 Ненецкий автономный округ (Архангельская область),2019,"73,19",72.55,False
Ненецкий автономный округ,11100000000 Ненецкий автономный округ (Архангельская область),2021,"69,39",68.76,False
Архангельская область без автономного округа,11001000000 Архангельская область (кроме Ненецкого автономного округа),2015,—,70.33,False
Архангельская область без автономного округа,11001000000 Архангельская область (кроме Ненецкого автономного округа),2019,"72,30",71.52,False
Архангельская область без автономного округа,11001000000 Архангельская область (кроме Ненецкого автономного округа),2021,"69,60",68.67,False
Вологодская область,19000000000 Вологодская область,2015,"70,40",70.39,False
Вологодская область,19000000000 Вологодская область,2019,"71,82",71.78,False
Вологодская область,19000000000 Вологодская область,2021,"69,08",69.06,False
Калининградская область,27000000000 Калининградская область,2015,"70,58",70.56,False
Калининградская область,27000000000 Калининградская область,2019,"73,56",73.53,False
Калининградская область,27000000000 Калининградская область,2021,"70,99",70.99,True
Ленинградская область,41000000000 Ленинградская область,2015,"71,23",71.36,False
Ленинградская область,41000000000 Ленинградская область,2019,"73,64",73.9,False
Ленинградская область,41000000000 Ленинградская область,2021,"70,17",70.7,False
Мурманская область,47000000000 Мурманская область,2015,"70,24",69.9,False
Мурманская область,47000000000 Мурманская область,2019,"71,75",71.04,False
Мурманская область,47000000000 Мурманская область,2021,"68,29",67.37,False
Новгородская область,49000000000 Новгородская область,2015,"68,70",68.63,False
Новгородская область,49000000000 Новгородская область,2019,"70,52",70.33,False
Новгородская область,49000000000 Новгородская область,2021,"67,64",67.48,False
Псковская область,58000000000 Псковская область,2015,"68,48",68.35,False
Псковская область,58000000000 Псковская область,2019,"70,65",70.38,False
Псковская область,58000000000 Псковская область,2021,"67,69",67.44,False
г. Санкт-Петербург,40000000000 Город Санкт-Петербург город федерального значения,2015,"74,42",74.42,True
г. Санкт-Петербург,40000000000 Город Санкт-Петербург город федерального значения,2019,"76,31",76.38,False
г. Санкт-Петербург,40000000000 Город Санкт-Петербург город федерального значения,2021,"72,51",72.89,False
Южный федеральный округ,040 Южный федеральный округ,2015,"72,13",71.91,False
Южный федеральный округ,040 Южный федеральный округ,2019,"73,73",73.77,False
Южный федеральный округ,040 Южный федеральный округ,2021,"70,21",70.32,False
Республика Адыгея,79000000000 Республика Адыгея (Адыгея),2015,"72,22",72.4,False
Республика Адыгея,79000000000 Республика Адыгея (Адыгея),2019,"73,85",74.13,False
Республика Адыгея,79000000000 Республика Адыгея (Адыгея),2021,"71,22",71.7,False
Республика Калмыкия,85000000000 Республика Калмыкия,2015,"72,15",72.02,False
Республика Калмыкия,85000000000 Республика Калмыкия,2019,"74,84",74.54,False
Республика Калмыкия,85000000000 Республика Калмыкия,2021,"71,40",71.15,False
Республика Крым,35000000000 Республика Крым,2015,—,70.5,False
Республика Крым,35000000000 Республика Крым,2019,"72,71",72.74,False
Республика Крым,35000000000 Республика Крым,2021,"69,70",69.75,False
Краснодарский край,03000000000 Краснодарский край,2015,"72,53",72.6,False
Краснодарский край,03000000000 Краснодарский край,2019,"73,91",74.05,False
Краснодарский край,03000000000 Краснодарский край,2021,"70,53",70.77,False
Астраханская область,12000000000 Астраханская область,2015,"71,36",70.98,False
Астраханская область,12000000000 Астраханская область,2019,"73,86",72.95,False
Астраханская область,12000000000 Астраханская область,2021,"69,90",69.14,False
Волгоградская область,18000000000 Волгоградская область,2015,"71,98",72.0,False
Волгоградская область,18000000000 Волгоградская область,2019,"74,07",74.11,False
Волгоградская область,18000000000 Волгоградская область,2021,"69,96",70.11,False
Ростовская область,60000000000 Ростовская область,2015,"71,90",71.9,True
Ростовская область,60000000000 Ростовская область,2019,"73,69",73.66,False
Ростовская область,60000000000 Ростовская область,2021,"69,79",69.87,False
г. Севастополь,67000000000 Город федерального значения Севастополь,2015,—,70.76,False
г. Севастополь,67000000000 Город федерального значения Севастополь,2019,"73,53",74.75,False
г. Севастополь,67000000000 Город федерального значения Севастополь,2021,"72,25",72.65,False
Северо-Кавказский федеральный округ,038 Северо-Кавказский федеральный округ,2015,"74,63",74.54,False
Северо-Кавказский федеральный округ,038 Северо-Кавказский федеральный округ,2019,"76,64",76.42,False
Северо-Кавказский федеральный округ,038 Северо-Кавказский федеральный округ,2021,"73,79",73.6,False
Республика Дагестан,82000000000 Республика Дагестан,2015,"76,39",76.34,False
Республика Дагестан,82000000000 Республика Дагестан,2019,"79,10",79.03,False
Республика Дагестан,82000000000 Республика Дагестан,2021,"76,59",76.28,False
Республика Ингушетия,26000000000 Республика Ингушетия,2015,"80,05",78.47,False
Республика Ингушетия,26000000000 Республика Ингушетия,2019,"83,40",79.64,False
Республика Ингушетия,26000000000 Республика Ингушетия,2021,"80,52",75.77,False
Кабардино-Балкарская Республика,83000000000 Кабардино-Балкарская Республика,2015,"74,61",74.54,False
Кабардино-Балкарская Республика,83000000000 Кабардино-Балкарская Республика,2019,"76,46",76.2,False
Кабардино-Балкарская Республика,83000000000 Кабардино-Балкарская Республика,2021,"73,77",73.58,False
Карачаево-Черкесская Республика,91000000000 Карачаево-Черкесская Республика,2015,"74,44",74.26,False
Карачаево-Черкесская Республика,91000000000 Карачаево-Черкесская Республика,2019,"76,21",75.7,False
Карачаево-Черкесская Республика,91000000000 Карачаево-Черкесская Республика,2021,"73,47",72.95,False
Республика Северная Осетия – Алания,90000000000 Республика Северная Осетия-Алания,2015,"74,20",74.03,False
Республика Северная Осетия – Алания,90000000000 Республика Северная Осетия-Алания,2019,"75,75",75.39,False
Республика Северная Осетия – Алания,90000000000 Республика Северная Осетия-Алания,2021,"72,47",72.3,False
Чеченская Республика,96000000000 Чеченская Республика,2015,"73,45",73.33,False
Чеченская Республика,96000000000 Чеченская Республика,2019,"75,88",75.53,False
Чеченская Республика,96000000000 Чеченская Республика,2021,"73,00",72.71,False
Ставропольский край,07000000000 Ставропольский край,2015,"73,36",73.42,False
Ставропольский край,07000000000 Ставропольский край,2019,"74,66",74.77,False
Ставропольский край,07000000000 Ставропольский край,2021,"71,66",71.97,False
Приволжский федеральный округ,033 Приволжский федеральный округ,2015,"70,71",70.71,True
Приволжский федеральный округ,033 Приволжский федеральный округ,2019,"72,94",72.94,True
Приволжский федеральный округ,033 Приволжский федеральный округ,2021,"69,50",69.56,False
Республика Башкортостан,80000000000 Республика Башкортостан,2015,"70,08",70.19,False
Республика Башкортостан,80000000000 Республика Башкортостан,2019,"72,64",72.82,False
Республика Башкортостан,80000000000 Республика Башкортостан,2021,"69,49",69.8,False
Республика Марий Эл,88000000000 Республика Марий Эл,2015,"69,80",69.84,False
Республика Марий Эл,88000000000 Республика Марий Эл,2019,"72,90",72.95,False
Республика Марий Эл,88000000000 Республика Марий Эл,2021,"69,46",69.59,False
Республика Мордовия,89000000000 Республика Мордовия,2015,"72,06",72.14,False
Республика Мордовия,89000000000 Республика Мордовия,2019,"73,95",74.14,False
Республика Мордовия,89000000000 Республика Мордовия,2021,"70,24",70.57,False
Республика Татарстан,92000000000 Республика Татарстан (Татарстан),2015,"72,81",72.92,False
Республика Татарстан,92000000000 Республика Татарстан (Татарстан),2019,"75,03",75.24,False
Республика Татарстан,92000000000 Республика Татарстан (Татарстан),2021,"71,28",71.66,False
Удмуртская Республика,94000000000 Удмуртская Республика,2015,"70,46",70.35,False
Удмуртская Республика,94000000000 Удмуртская Республика,2019,"72,80",72.55,False
Удмуртская Республика,94000000000 Удмуртская Республика,2021,"69,99",69.68,False
Чувашская Республика,97000000000 Чувашская Республика - Чувашия,2015,"71,35",71.29,False
Чувашская Республика,97000000000 Чувашская Республика - Чувашия,2019,"73,44",73.34,False
Чувашская Республика,97000000000 Чувашская Республика - Чувашия,2021,"69,99",69.87,False
Пермский край,57000000000 Пермский край,2015,"69,09",69.06,False
Пермский край,57000000000 Пермский край,2019,"71,32",71.25,False
Пермский край,57000000000 Пермский край,2021,"68,52",68.45,False
Кировская область,33000000000 Кировская область,2015,"71,11",70.88,False
Кировская область,33000000000 Кировская область,2019,"72,96",72.48,False
Кировская область,33000000000 Кировская область,2021,"69,73",69.08,False
Нижегородская область,22000000000 Нижегородская область,2015,"70,17",70.11,False
Нижегородская область,22000000000 Нижегородская область,2019,"72,32",72.19,False
Нижегородская область,22000000000 Нижегородская область,2021,"68,93",68.81,False
Оренбургская область,53000000000 Оренбургская область,2015,"69,63",69.5,False
Оренбургская область,53000000000 Оренбургская область,2019,"72,04",71.81,False
Оренбургская область,53000000000 Оренбургская область,2021,"68,21",67.96,False
Пензенская область,56000000000 Пензенская область,2015,"72,12",72.0,False
Пензенская область,56000000000 Пензенская область,2019,"73,61",73.35,False
Пензенская область,56000000000 Пензенская область,2021,"69,97",69.77,False
Самарская область,36000000000 Самарская область,2015,"70,35",70.4,False
Самарская область,36000000000 Самарская область,2019,"72,77",72.84,False
Самарская область,36000000000 Самарская область,2021,"69,33",69.48,False
Саратовская область,63000000000 Саратовская область,2015,"71,40",71.5,False
Саратовская область,63000000000 Саратовская область,2019,"73,07",73.28,False
Саратовская область,63000000000 Саратовская область,2021,"69,08",69.46,False
Ульяновская область,73000000000 Ульяновская область,2015,"70,46",70.36,False
Ульяновская область,73000000000 Ульяновская область,2019,"72,96",72.76,False
Ульяновская область,73000000000 Ульяновская область,2021,"69,05",68.87,False
Уральский федеральный округ,034 Уральский федеральный округ,2015,"70,38",70.39,False
Уральский федеральный округ,034 Уральский федеральный округ,2019,"72,52",72.54,False
Уральский федеральный округ,034 Уральский федеральный округ,2021,"69,61",69.66,False
Курганская область,37000000000 Курганская область,2015,"69,03",68.85,False
Курганская область,37000000000 Курганская область,2019,"71,14",70.75,False
Курганская область,37000000000 Курганская область,2021,"68,29",67.82,False
Свердловская область,65000000000 Свердловская область,2015,"69,83",69.82,False
Свердловская область,65000000000 Свердловская область,2019,"71,81",71.79,False
Свердловская область,65000000000 Свердловская область,2021,"68,79",68.79,True
Тюменская область,71000000000 Тюменская область,2015,"71,76",71.91,False
Тюменская область,71000000000 Тюменская область,2019,"74,04",74.37,False
Тюменская область,71000000000 Тюменская область,2021,"71,26",71.69,False
Ханты-Мансийский автономный округ – Югра,71100000000 Ханты-Мансийский автономный округ - Югра (Тюменская область),2015,"72,58",72.62,False
Ханты-Мансийский автономный округ – Югра,71100000000 Ханты-Мансийский автономный округ - Югра (Тюменская область),2019,"75,04",75.11,False
Ханты-Мансийский автономный округ – Югра,71100000000 Ханты-Мансийский автономный округ - Югра (Тюменская область),2021,"72,01",72.16,False
Ямало-Ненецкий автономный округ,71140000000 Ямало-Ненецкий автономный округ (Тюменская область),2015,"71,70",71.61,False
Ямало-Ненецкий автономный округ,71140000000 Ямало-Ненецкий автономный округ (Тюменская область),2019,"74,18",74.21,False
Ямало-Ненецкий автономный округ,71140000000 Ямало-Ненецкий автономный округ (Тюменская область),2021,"71,70",71.78,False
Тюменская область без автономных округов,71001000000 Тюменская область (кроме Ханты-Мансийского автономного округа-Югры и Ямало-Ненецкого автономного округа),2015,—,70.91,False
Тюменская область без автономных округов,71001000000 Тюменская область (кроме Ханты-Мансийского автономного округа-Югры и Ямало-Ненецкого автономного округа),2019,"72,75",73.41,False
Тюменская область без автономных округов,71001000000 Тюменская область (кроме Ханты-Мансийского автономного округа-Югры и Ямало-Ненецкого автономного округа),2021,"70,14",70.96,False
Челябинская область,75000000000 Челябинская область,2015,"69,90",69.9,True
Челябинская область,75000000000 Челябинская область,2019,"72,08",72.08,True
Челябинская область,75000000000 Челябинская область,2021,"69,16",69.17,False
Сибирский федеральный округ,041 Сибирский федеральный округ,2015,"69,31",69.41,False
Сибирский федеральный округ,041 Сибирский федеральный округ,2019,"71,12",71.06,False
Сибирский федеральный округ,041 Сибирский федеральный округ,2021,"68,30",68.25,False
Республика Алтай,84000000000 Республика Алтай,2015,"68,44",68.19,False
Республика Алтай,84000000000 Республика Алтай,2019,"70,29",69.78,False
Республика Алтай,84000000000 Республика Алтай,2021,"67,86",67.22,False
Республика Тыва,93000000000 Республика Тыва,2015,"63,13",63.14,False
Республика Тыва,93000000000 Республика Тыва,2019,"67,57",67.5,False
Республика Тыва,93000000000 Республика Тыва,2021,"66,87",66.81,False
Республика Хакасия,95000000000 Республика Хакасия,2015,"68,68",68.72,False
Республика Хакасия,95000000000 Республика Хакасия,2019,"71,05",71.1,False
Республика Хакасия,95000000000 Республика Хакасия,2021,"68,49",68.62,False
Алтайский край,01000000000 Алтайский край,2015,"70,44",70.13,False
Алтайский край,01000000000 Алтайский край,2019,"71,61",70.92,False
Алтайский край,01000000000 Алтайский край,2021,"68,60",67.79,False
Красноярский край,04000000000 Красноярский край,2015,"69,69",69.72,False
Красноярский край,04000000000 Красноярский край,2019,"71,16",71.23,False
Красноярский край,04000000000 Красноярский край,2021,"68,34",68.45,False
Иркутская область,25000000000 Иркутская область,2015,"67,37",67.46,False
Иркутская область,25000000000 Иркутская область,2019,"69,55",69.73,False
Иркутская область,25000000000 Иркутская область,2021,"66,80",67.01,False
Кемеровская область,32000000000 Кемеровская область - Кузбасс,2015,"68,31",68.27,False
Кемеровская область,32000000000 Кемеровская область - Кузбасс,2019,"69,78",69.69,False
Кемеровская область,32000000000 Кемеровская область - Кузбасс,2021,"67,61",67.54,False
Новосибирская область,50000000000 Новосибирская область,2015,"70,86",70.91,False
Новосибирская область,50000000000 Новосибирская область,2019,"72,25",72.37,False
Новосибирская область,50000000000 Новосибирская область,2021,"69,19",69.35,False
Омская область,52000000000 Омская область,2015,"70,41",70.39,False
Омская область,52000000000 Омская область,2019,"72,32",72.29,False
Омская область,52000000000 Омская область,2021,"69,02",68.98,False
Томская область,69000000000 Томская область,2015,"71,25",71.29,False
Томская область,69000000000 Томская область,2019,"72,85",72.93,False
Томская область,69000000000 Томская область,2021,"69,70",69.86,False
Дальневосточный федеральный округ,042 Дальневосточный федеральный округ,2015,"68,68",68.48,False
Дальневосточный федеральный округ,042 Дальневосточный федеральный округ,2019,"70,22",70.08,False
Дальневосточный федеральный округ,042 Дальневосточный федеральный округ,2021,"68,06",67.95,False
Республика Бурятия,81000000000 Республика Бурятия,2015,"69,15",69.1,False
Республика Бурятия,81000000000 Республика Бурятия,2019,"70,77",70.71,False
Республика Бурятия,81000000000 Республика Бурятия,2021,"68,91",68.87,False
Республика Саха (Якутия),98000000000 Республика Саха (Якутия),2015,"70,29",70.23,False
Республика Саха (Якутия),98000000000 Республика Саха (Якутия),2019,"73,00",72.82,False
Республика Саха (Якутия),98000000000 Республика Саха (Якутия),2021,"69,98",69.82,False
Забайкальский край,76000000000 Забайкальский край,2015,"67,34",67.15,False
Забайкальский край,76000000000 Забайкальский край,2019,"68,88",68.49,False
Забайкальский край,76000000000 Забайкальский край,2021,"66,82",66.37,False
Камчатский край,30000000000 Камчатский край,2015,"68,56",68.23,False
Камчатский край,30000000000 Камчатский край,2019,"70,57",69.91,False
Камчатский край,30000000000 Камчатский край,2021,"68,09",67.3,False
Приморский край,05000000000 Приморский край,2015,"69,21",69.14,False
Приморский край,05000000000 Приморский край,2019,"70,54",70.42,False
Приморский край,05000000000 Приморский край,2021,"68,61",68.53,False
Хабаровский край,08000000000 Хабаровский край,2015,"68,72",68.78,False
Хабаровский край,08000000000 Хабаровский край,2019,"70,05",70.21,False
Хабаровский край,08000000000 Хабаровский край,2021,"67,85",68.05,False
Амурская область,10000000000 Амурская область,2015,"67,27",67.15,False
Амурская область,10000000000 Амурская область,2019,"68,66",68.42,False
Амурская область,10000000000 Амурская область,2021,"66,30",66.1,False
Магаданская область,44000000000 Магаданская область,2015,"68,11",67.93,False
Магаданская область,44000000000 Магаданская область,2019,"69,66",69.23,False
Магаданская область,44000000000 Магаданская область,2021,"67,41",66.98,False
Сахалинская область,64000000000 Сахалинская область,2015,"67,99",67.95,False
Сахалинская область,64000000000 Сахалинская область,2019,"70,28",70.39,False
Сахалинская область,64000000000 Сахалинская область,2021,"68,42",68.49,False
Еврейская автономная область,99000000000 Еврейская автономная область,2015,"65,04",64.92,False
Еврейская автономная область,99000000000 Еврейская автономная область,2019,"68,08",67.91,False
Еврейская автономная область,99000000000 Еврейская автономная область,2021,"66,12",65.96,False
Чукотский автономный округ,77000000000 Чукотский автономный округ,2015,"64,16",63.91,False
Чукотский автономный округ,77000000000 Чукотский автономный округ,2019,"68,09",67.26,False
Чукотский автономный округ,77000000000 Чукотский автономный округ,2021,"64,87",64.0,False
