id,source_url,local_file,locator,provider,passport_last_updated,retrieved_on,sha256,original_filename,fullfile_sha256,verification_note,evidence_text_file
opzh,https://fedstat.ru/indicator/31293,emiss31293_all.xls,"Данные: Российская Федерация, всё население, соответствующий пол; Паспорт",Росстат/ЕМИСС,16.03.2025,2026-10-07,fc0645130b898fd5594ad90a2261fb3a01fa6af462e4b1496dd9c82113e5e5c8,,,,
birthdeath,https://rosstat.gov.ru/storage/mediabank/demo21_2023.xlsx,demo21_2023.xlsx,Лист1; Все население; год; сноски1 и4,Росстат/ЕМИСС,не указана в файле,2026-10-07,fea67d5117b78a63e795e0fe32417ee427219433e3d7b6c5c464f89bcf5ae627,,,,
birthdeath2024,https://rosstat.gov.ru/storage/mediabank/cent_fo_4k-2024.pdf,,"РазделVII, Демографическая ситуация; 2024; РФ; сноска1 Предварительные данные",Росстат/ЕМИСС,издание2025,2026-10-07,,cent_fo_4k-2024.pdf,9adf88bbb8e4ada45674ac5c9f3508c5da99513a60f590ee856052e7c02a4bee,"Полный PDF проверен при сверке, хранится по официальной ссылке.",РФ_движение_населения_2024_Росстат_стр43.txt
infant,https://rosstat.gov.ru/storage/mediabank/demo22_2022.xls,demo22_2022.xls,Лист1; всё население; коэффициент на1000; округление до0.1,Росстат/ЕМИСС,не указана в файле,2026-10-07,04155d8f131ebab17c28c00debda9d9bdb9080d194d4bcbb4418fa47b5c15035,,,,
infant2023,https://rosstat.gov.ru/storage/mediabank/Ejegodnik_2024.pdf,,"Табл4.17, печатная99/PDF100; Всего",Росстат/ЕМИСС,2024,2026-10-07,,Ejegodnik_2024.pdf,415decdbc2d265a555941362af52dea2aaca0130e385a9937754e7627458a952,"Полный PDF проверен при сверке, хранится по официальной ссылке.",Младенческая_смертность_2023_Ежегодник2024_стр99.txt
infant2024,https://rosstat.gov.ru/storage/mediabank/Region_Pokaz_2025.pdf,,Табл1.5; печатная38/PDF39;РФ;Младенческая смертность4.0,Росстат/ЕМИСС,2025,2026-10-07,,Region_Pokaz_2025.pdf,e6e4871f8b856699dfd41f3811bc3d6a1e23fe187d32cce6941ed303b05794d2,"Полный PDF проверен при сверке, хранится по официальной ссылке.",Младенческая_смертность_2024_Регионы2025_стр38.txt
maternal,https://fedstat.ru/indicator/57314,emiss57314_all.xls,Данные; Все население; код643 за2015–2022; код643004.АГ без новых субъектов за2023–2024; Паспорт,Росстат/ЕМИСС,22.09.2026,2026-10-07,28d5fdaad08614b465d8f7b3b427dd4038f21ceb6eb09ab13dd2582598a69358,,,,
maternalcount,https://rosstat.gov.ru/storage/mediabank/demo23_2022.xls,demo23_2022.xls,"Лист1, Все население, число умерших женщин",Росстат/ЕМИСС,не указана в файле,2026-10-07,00d38744edf85711219f862c9304381b9dbb8bb408cdb4137361f15529912ece,,,,
maternalcount2023,https://rosstat.gov.ru/storage/2025/02-21/iKdrivYU/ОПРФ_семья_и_дети_концепция04_СМАРТ.pdf,,Раздел Материнская смертность2012–2023; печатная51/PDF52;2023=168,Росстат/ЕМИСС,2025,2026-10-07,,family_children_2025.pdf,ec1d66da2f4205b224b4ec7f9ab45f15ccc4bc3e172d0979d66993b4a811d3a2,"Полный PDF проверен при сверке, хранится по официальной ссылке.",Материнская_смертность_2012-2023_Семья_и_дети_стр51.txt
under5,https://fedstat.ru/indicator/58536,emiss58536_all.xls,"Данные; РФ, все население; категория1 Всего для2015–2016, категория12 Оба пола для2018–2023; Паспорт",Росстат/ЕМИСС,27.06.2024,2026-10-07,e302db355c4a6fdfb5c475ad7954a732b276f9e9550fb47cd0753b49a5969301,,,,
opzh2024_preliminary,https://34.rosstat.gov.ru/storage/mediabank/Волгоградская%20область%20в%20цифрах.pdf,,печатная/PDF стр.31; примечание об ОПЖ РФ2024=72.84 предварительно,Волгоградстат/Росстат,,2026-10-07,,Волгоградская область в цифрах.pdf,1070f9f98fa24b9dc552582547d36bab2411c0852a8989a7ac39d44211e156c0,"Полный PDF проверен при сверке, хранится по официальной ссылке.",ОПЖ_РФ_2024_предварительная_Волгоградстат_стр31.txt
