Субъект;2015;2019;2021
Российская Федерация;71,39;73,34;70,06
Центральный федеральный округ;72,72;74,54;70,85
Белгородская область;72,61;74,21;70,67
Брянская область;70,36;72,31;68,67
Владимирская область;69,82;71,87;68,11
Воронежская область;71,67;73,63;69,49
Ивановская область;70,62;71,84;69,02
Калужская область;70,73;72,35;69,16
Костромская область;70,38;72,35;68,78
Курская область;70,80;72,27;68,56
Липецкая область;71,07;73,34;68,58
Московская область;72,26;73,86;70,35
Орловская область;70,38;72,56;68,97
Рязанская область;71,46;73,20;68,61
Смоленская область;69,74;71,89;68,00
Тамбовская область;71,67;73,56;69,88
Тверская область;69,10;71,24;67,87
Тульская область;70,06;72,21;68,97
Ярославская область;70,98;72,92;69,07
г. Москва;76,77;78,36;74,55
Северо-Западный федеральный округ;71,70;73,72;70,37
Республика Карелия;69,16;71,46;67,31
Республика Коми;69,40;71,30;68,32
Архангельская область;70,71;72,34;69,60
Ненецкий автономный округ;71,00;73,19;69,39
Архангельская область без автономного округа;—;72,30;69,60
Вологодская область;70,40;71,82;69,08
Калининградская область;70,58;73,56;70,99
Ленинградская область;71,23;73,64;70,17
Мурманская область;70,24;71,75;68,29
Новгородская область;68,70;70,52;67,64
Псковская область;68,48;70,65;67,69
г. Санкт-Петербург;74,42;76,31;72,51
Южный федеральный округ;72,13;73,73;70,21
Республика Адыгея;72,22;73,85;71,22
Республика Калмыкия;72,15;74,84;71,40
Республика Крым;—;72,71;69,70
Краснодарский край;72,53;73,91;70,53
Астраханская область;71,36;73,86;69,90
Волгоградская область;71,98;74,07;69,96
Ростовская область;71,90;73,69;69,79
г. Севастополь;—;73,53;72,25
Северо-Кавказский федеральный округ;74,63;76,64;73,79
Республика Дагестан;76,39;79,10;76,59
Республика Ингушетия;80,05;83,40;80,52
Кабардино-Балкарская Республика;74,61;76,46;73,77
Карачаево-Черкесская Республика;74,44;76,21;73,47
Республика Северная Осетия – Алания;74,20;75,75;72,47
Чеченская Республика;73,45;75,88;73,00
Ставропольский край;73,36;74,66;71,66
Приволжский федеральный округ;70,71;72,94;69,50
Республика Башкортостан;70,08;72,64;69,49
Республика Марий Эл;69,80;72,90;69,46
Республика Мордовия;72,06;73,95;70,24
Республика Татарстан;72,81;75,03;71,28
Удмуртская Республика;70,46;72,80;69,99
Чувашская Республика;71,35;73,44;69,99
Пермский край;69,09;71,32;68,52
Кировская область;71,11;72,96;69,73
Нижегородская область;70,17;72,32;68,93
Оренбургская область;69,63;72,04;68,21
Пензенская область;72,12;73,61;69,97
Самарская область;70,35;72,77;69,33
Саратовская область;71,40;73,07;69,08
Ульяновская область;70,46;72,96;69,05
Уральский федеральный округ;70,38;72,52;69,61
Курганская область;69,03;71,14;68,29
Свердловская область;69,83;71,81;68,79
Тюменская область;71,76;74,04;71,26
Ханты-Мансийский автономный округ – Югра;72,58;75,04;72,01
Ямало-Ненецкий автономный округ;71,70;74,18;71,70
Тюменская область без автономных округов;—;72,75;70,14
Челябинская область;69,90;72,08;69,16
Сибирский федеральный округ;69,31;71,12;68,30
Республика Алтай;68,44;70,29;67,86
Республика Тыва;63,13;67,57;66,87
Республика Хакасия;68,68;71,05;68,49
Алтайский край;70,44;71,61;68,60
Красноярский край;69,69;71,16;68,34
Иркутская область;67,37;69,55;66,80
Кемеровская область;68,31;69,78;67,61
Новосибирская область;70,86;72,25;69,19
Омская область;70,41;72,32;69,02
Томская область;71,25;72,85;69,70
Дальневосточный федеральный округ;68,68;70,22;68,06
Республика Бурятия;69,15;70,77;68,91
Республика Саха (Якутия);70,29;73,00;69,98
Забайкальский край;67,34;68,88;66,82
Камчатский край;68,56;70,57;68,09
Приморский край;69,21;70,54;68,61
Хабаровский край;68,72;70,05;67,85
Амурская область;67,27;68,66;66,30
Магаданская область;68,11;69,66;67,41
Сахалинская область;67,99;70,28;68,42
Еврейская автономная область;65,04;68,08;66,12
Чукотский автономный округ;64,16;68,09;64,87
