Показатель;Ед. изм.;2015 г.;2016 г.;2017 г.;2018 г.;2019 г.;2020 г.;2021 г.;2022 г.;2023 г.;2024 г.
Ожидаемая продолжительность жизни при рождении, все население;лет;71,39;71,87;72,70;72,91;73,34;71,54;70,06;72,73;73,41;72,84*
Ожидаемая продолжительность жизни при рождении, мужчины;лет;65,92;66,50;67,51;67,75;68,24;66,49;65,51;67,57;68,04;…
Ожидаемая продолжительность жизни при рождении, женщины;лет;76,71;77,06;77,64;77,82;78,17;76,43;74,51;77,77;78,74;…
Коэффициент младенческой смертности;на 1000 родившихся живыми;6,5;6,0;5,6;5,1;4,9;4,5;4,6;4,4;4,2;4,0*
Коэффициент материнской смертности;на 100 000 родившихся живыми;10,1;10,0;8,8;9,1;9,0;11,2;34,5;13,0;13,3;…
Число умерших женщин от материнских причин;человек;196;188;149;146;134;161;482;170;168;…
Число родившихся;человек;1 940 579;1 888 729;1 690 307;1 604 344;1 481 074;1 436 514;1 398 253;1 304 087;1 264 354;1 222 408
Число умерших;человек;1 908 541;1 891 015;1 826 125;1 828 910;1 798 307;2 138 586;2 441 594;1 898 644;1 764 618;1 818 635
Естественный прирост (убыль) населения;человек;32 038;-2 286;-135 818;-224 566;-317 233;-702 072;-1 043 341;-594 557;-500 264;-596 227
Общий коэффициент смертности;на 1000 человек населения;13,1;12,9;12,4;12,5;12,3;14,6;16,8;13,0;12,1;12,5
